0.000282703960518452+0.000139906464051853i,-0.000373751250736963+0.00037075100241229i,-0.000923976209773386+0.000650023707960762i,-0.000234742201183337-0.00034808367609684i,0.00067851105462731-0.000681723492814341i,0.000158080550321147-0.00123302249741018i,0.000623421171340263+0.000339113177274129i,0.00042421090471344+0.000415954574801201i,-0.000466474886130758+0.00021911816294712i,-0.00135475256566704-6.56957592063203e-05i,-0.00132228120300838-7.25917348594259e-05i,-0.00023887641857247-0.00115767361284705i,0.00178192459354802-4.77282991638743e-05i,0.000956241253814269+0.00134700756352397i,1.75755277626174e-05+0.00145445792722539i,0.000101084595776783+0.000204634002409492i,-0.000686815686455765-0.000274292035830495i,-0.00113111622609672-0.00101248651872956i,-0.000394205847865682+2.34941287191344e-05i,0.00049943568089763+0.000232805654454312i,-8.27482933547166e-05+0.000985009095351491i,-0.000391190302548706+0.0017120068537195i,-0.000932113697103717+0.000598200050610259i,-0.00114101298463414+0.000984625392218973i,-0.00183397026008802+0.000162343598709744i,-0.00155158079383503+0.000760678107878205i,-0.0015379210870064+0.000612033951175771i,-0.00111655799673355+0.000863475955813023i,-0.000326340156869855+0.001367867611047i,-0.000157506915051054+0.00188918034617964i,0.00123791460510276+0.00096008706298704i,0.00144011977104021+0.00108831998285994i,0.000505441573574097-0.000363282771182958i,-8.97157227046041e-05-0.000727521877582302i,0.000385444726539721+0.000420013655066182i,-0.000954628359035554+0.000178318435972513i,0.000605385869320658+3.68299683434195e-05i,0.00116079006151183-0.000699633520855474i,-0.00148109607764345-0.00117316704382905i,-0.001983795811516-0.000677308494521953i,0.000162528475493905+0.000748083234133161i,0.00131301523727988+0.000886765908388934i,0.000821764511562095-0.00136834014112423i,-0.000743922945166-0.00175831185166087i,-0.000859240999174124-0.000567427478623802i,0.000989433586927316+0.000216103880417433i,0.00173652991527397-0.0012832380023991i,-0.000563431870790431-0.000688713226982882i,-0.000836930825332278-0.000273116881723196i,-0.000138038819882764+0.00123479574931088i,-0.000378951812950034-0.00030835924836334i
0.000351623385832283+0.000409034191654378i,-0.000326065164041248-0.000426600083371419i,-0.000444285721284949-0.000822216746606685i,0.000972792058312824-0.000458227767286614i,0.000371301972796923+1.95693007659829e-05i,-9.28019634154184e-06-0.000111533367272112i,-0.000347424523273913-0.000291067477414824i,-0.000601307343240629+0.00162261627748818i,-0.0012800448437192+0.00055668957775915i,0.00024431021129813-0.00148677651472529i,0.0011079979119704-0.00134560891025304i,0.00129387405043944-0.00032360250801792i,-0.000216036361541693+0.0013807202723768i,-0.00128833284606972+0.000644699400368267i,-0.00198843246134379-0.000617595672004032i,-0.000655487650829683-0.00167103286600195i,0.000651768841172569-0.00169528318552657i,0.000121269588330014-9.69990192197507e-05i,0.000355202777411506+0.00103842320509776i,-0.000469304720842197+0.00067291140766565i,-0.000624394008874219+0.000526634147249441i,-0.000654918751634021-0.00134015267479236i,-0.000798562271392247-0.0015021335719563i,-0.000150664281065497-0.00162832913034843i,0.00033964345602729-0.001310841238498i,-0.000821716599149442-0.00220761321954289i,0.00127183311488964-0.00205176757615855i,-0.000388526795741462-0.00128712820738876i,-0.00094768296766943-0.00112238130390404i,-0.00115261368606017-0.000556642320776629i,-0.00097013187260646-0.000232850898494875i,-0.00115643965376193+0.00053781181986526i,-0.000263087495716667+0.000350731052242664i,4.54872351208509e-05-0.00068795401165473i,-5.91271617013924e-05+0.000140834673668673i,-0.00130132466230222+0.000464244823360962i,-7.6011427509501e-06+0.000149355834340635i,0.00228152842947979+0.00111954490860722i,0.000305693453205287-0.00114161215581681i,0.000236781578331671-0.00203401855172674i,-0.0023385885320686-0.000464977661452962i,-0.00155080684051474+0.00201678897221578i,0.00111379587175353+0.000554841003183568i,0.000573102225241369-0.000907650821882643i,-0.000186428677496449-0.00178958420009796i,-0.000887849521033627+0.00156375869187575i,0.000546827444182399+0.00167332674384667i,0.000203584112062468-0.000972313000979377i,-0.000312190505420605-0.00107659385540963i,-0.000389476095324204+0.000213120755371779i,4.77889215754539e-05+0.000934627637282865i
-0.000712501189247003+0.00100063774941494i,-0.000194595973402229-0.000840959564229162i,0.000265366128040477-0.000585780060390603i,0.00137594283823101+0.00101815936523584i,-0.000679205713760913-0.000107635800494855i,0.000515151101262083+0.00153215180415468i,-0.000686962291379283-0.000915688939614971i,0.000284590230965402-0.00172114460671333i,0.000563701451703247-0.000394660908820656i,0.00186971661938978+0.000395298006229616i,0.000288798747193549+0.000966260291110691i,-0.00109653181870125+0.00178742606378352i,-0.00139425186206646-0.000130478061906898i,-0.000854567521174787-0.00136681497771029i,-0.000186561092745409-0.00172391722270686i,0.000428068722589684-0.00163703722644518i,0.00134497008334503-8.93602915212368e-05i,-1.93371426972695e-05+0.00138230616772888i,0.000520471528653275+0.00177514769383187i,-0.000775254817539093+0.000175146083946119i,0.000924985137772546+0.000273882562253422i,0.00127727750377152-0.000525103040797986i,0.0010695837216384-0.000246289913919337i,0.000836099257121572+0.00106582313354228i,0.00133017411681801+0.00141468803609309i,0.00136686747450054+0.00095291675573814i,0.00144534147794095+0.00171902746497336i,0.0017957004214137-0.000252640884645298i,0.00175274296078917+0.000237063487229321i,0.00165383162024039-0.000733490160397973i,0.000228231521311435-0.00111363330918363i,-0.000846310558419562-0.00158539801813055i,3.15944040641191e-05-0.000128384456241278i,0.000544009571896961+7.04233177725022e-05i,-0.000609779829235117-0.000823081483125631i,-5.13936737457076e-05-0.000248503125097306i,-0.000252914156838887-8.92825136815723e-05i,-0.000355900169042639+0.000483274455512113i,0.0010083649254021+0.000139079300868182i,0.00122910367686565+0.000580115003454882i,0.000663177382500416-0.00113458953097204i,-0.00112494714144052-0.00152270184540243i,-0.00112018684884419+0.000999833807875699i,0.00037125840578988+0.000759686920760746i,0.000950331064818312+0.000327026919184202i,-0.000545093676116602-0.000469650997814992i,-0.000225564704890589-7.0134980388858e-05i,0.00158111850680033-0.00062078365361019i,8.52110253330367e-05-0.000399799908286524i,-0.00133629260609183+0.000189974695439342i,-0.000282298351276251-0.000121907509087779i
-0.000477939154223585+0.000164741472385838i,0.000589986283873944+3.94446072351093e-05i,0.000710081537170135-0.000133700625224496i,-0.000634476999526918+0.000903955150473319i,7.91711111289249e-05-0.000695561203262619i,-1.86491917290566e-05-0.000321692335251462i,-0.000610499990061633+0.000159541979926804i,-0.000146811414436246+0.000294453262268822i,0.000163001711555491+0.000380682905796497i,-0.000189486402445484+0.000765578525866505i,-0.00140282130020372+0.000727889090697765i,-0.00150503063704786-2.75729703090883e-05i,0.000663086197383651-0.00126020550061372i,0.00190174843633634-0.000838242699510615i,0.00123127080372817+0.0001896731214525i,0.000249624322356692+0.0011481985546409i,-0.00212327662017471+0.000842392633767769i,-0.000694002987266168+0.000196342023629445i,-0.000250730993021777+0.000196722048296854i,0.000367943272266863+0.000259326434630803i,-0.00070761061280082-0.00042860634193677i,8.17482177697547e-06+0.000155885368541488i,-0.000201832497530325+0.000805551486595756i,-0.00210087156319934+0.000162939816329147i,-0.00229446283974107+0.000520387619837614i,-0.00236976345074006+0.000523164446639646i,-0.00277468141585877+0.00114890791878277i,-0.00146023032312463+0.00183049917957253i,-0.000655473421470724+0.00195309488632191i,0.000490849414291146+0.00129103520978357i,0.000822198482426457-0.000351470066978449i,0.00125352631184213-0.00113971271500997i,0.000138459398388565-0.000210092759741899i,0.000279943417282945+0.000310173491254984i,-0.000688862488866018+0.000851328701734167i,0.000940746556373897+3.05980330539266e-05i,-7.45831295737935e-05-0.00168607406455425i,-0.000604945554161309-0.000851162791497124i,-0.000235902740514492+0.000422739165913804i,0.000319675031964887+0.000970876807567973i,0.00231487584323117+0.000137936320116323i,0.000667051491459975-0.00132071920695533i,-0.0013102750164042-0.00125668231972547i,-0.000791252691209589+0.000516713386316966i,-0.000381465626981747+1.21593430828e-05i,0.000470838539882107-9.98192299768091e-05i,-0.000335684136872027+0.000280698679456951i,-0.000549367585206343-2.30990444771331e-05i,-8.25569930725773e-05+2.81040424116603e-05i,0.000682260119054909-0.000646454652216633i,0.000331110858172673-0.00101794897164406i
0.0008695368546216-0.0010223542885849i,0.000327657258231208-5.24238958415788e-05i,-0.000943350123064848-0.000282446205327753i,0.000699629453377609-0.000266942297179328i,0.000885872304127139-2.02412397076532e-05i,9.5257283651952e-05+0.000901389317261323i,8.76937104720649e-05+0.000382304613956444i,-0.000301154077041608-0.000194853373608241i,-0.000888320316366771-9.71807485991714e-05i,-0.00132377125693417-0.000758744929497913i,-0.000663346374474629-0.000925330228852572i,0.00212200523206906-0.00162108556278948i,0.00167255682954325-0.000237324890468423i,0.000657044486881292+0.00211622735465721i,-0.00209027280961084+0.000603502158884392i,-0.00145037833860905-5.74801816186792e-05i,-3.68403242518866e-05-0.00194403818072882i,0.000317228055532802-0.00107829061441769i,0.000477400816444418-0.00091259079592299i,0.000298764833139589-0.000130040350724099i,-0.000180161721547036+0.000698513193760843i,1.49321212994125e-05+0.000459213288287232i,-3.2634021399498e-08-0.00033989140029273i,-0.000998932118141152-0.00068012200059716i,0.00110709579855107-0.00173704707879326i,0.00138013851065586-0.00244957045302698i,0.000280057637325951-0.00273722757238563i,0.000127875861807886-0.00159525044806626i,-0.000658877511784633-0.00302293348845619i,-0.00172253211123292-0.00108998279061873i,-0.00156925874707649-0.00154694443861706i,-0.000756784987752974-0.000423397619593335i,0.000695424067553639+0.000696348201993018i,0.000557485639790808-0.000818572627040201i,-0.00103565164689523-0.00028282204754156i,-0.000633937317441731+0.00107065971358475i,0.00162115594303208+0.000826410504421644i,0.001637146826945-0.000649981703007295i,-0.000482278691406044-0.000248915950746793i,-0.000914131397156454-0.000473137398165558i,-0.000681209948158017+0.000673513289598828i,0.000790590065075703+0.00101056588126482i,0.000777787006132366-0.000490867240459889i,0.00149019157694522-0.000284921987780373i,0.000153564052868129-0.000317711113439547i,-0.000390721885866279-0.00057227416813505i,-0.000933591545790346+0.000222282591387791i,-0.000264298981956153+0.000569188108080398i,-0.000172339047374965-6.66254694644405e-05i,0.000607193342970167-0.000368394018354481i,0.000334195669399605-0.000295592642308901i
6.80513621903825e-06+0.000633219693910238i,-0.000950760685340434+0.000310286525268528i,-0.000238789989634007-0.000541063958299429i,0.000595723579284189-0.000660719122324178i,0.00050928552529708+0.000307318893063865i,-0.000143409035506985+0.000324898607549705i,-0.000810813790149225-0.000109889310870616i,-7.31826307740479e-05-0.000525061440258689i,-0.000421649454025441-0.00095156512020671i,0.000810393882102194-0.00100883172137319i,0.00154527213993726-0.000729226273291927i,3.16927537795262e-05+0.0020648094015414i,-0.0017229827173753+0.00138448300476062i,-0.00192294328946383-0.00131726515370805i,0.000885128505549755-0.00229878124339257i,0.0015404645977111-0.00116347078926456i,0.000698524861319362+0.00208121957426841i,-0.00027106291809696+0.000184501842314424i,-0.000776150426919832-0.000204411051548211i,-0.000638523373707942-5.39813240400205e-05i,-0.000503285641853467-0.000279425083769613i,0.000109774624531147-0.00022088496547148i,2.77906919034709e-06+0.00291630567869687i,0.00101013829175233+0.00253590686007546i,0.00127977247998329+0.00239055872579842i,0.00114021648301742+0.00162850501549574i,0.00138582518672027+0.00182904314818617i,0.00116317837763673+0.00203356059762994i,0.00131719699771781+3.96742310365177e-05i,0.00227212201228722-0.000344379956609871i,0.000464194158666108-0.000831986601929327i,-0.000500601176041517-0.000343404543952477i,-0.000826204680476284-0.000449939894015596i,0.000505614172840064+0.00100174307681231i,0.000675615388287807+0.000223590899542936i,0.00129066455816415-0.00060877206186621i,-0.00098467658839682-0.000746240399070092i,-0.000718336496510347+0.00217317638964263i,0.0010253578092531+0.00106245791118723i,0.00186170688766466-0.000483389005697348i,0.000610949737198945-0.00143993035530516i,-0.000201030355934536+0.000212106315227401i,-0.000359380991431613+0.000353741692025141i,-0.000468224730543305+0.000289398764650798i,0.000475968729756604-8.59092376906848e-05i,0.000536595252456958+2.52013951828394e-05i,-0.000791628342339741-0.00108746352907996i,-0.000706294348625402-0.000741040436828578i,-0.000562258792023386+0.000179220329135687i,0.000214900505314729+0.00106155107181053i,0.000590656507452132-0.000449249477934425i
-0.000986063298608698+0.000164919558269016i,-0.000295912401317051-0.000426607466046408i,0.00121720371630456-0.000591658490475937i,-0.000625313681158621-0.000158195471987074i,-0.000679452515098937-0.000463770362649233i,-0.000832348156427743+0.000321230366485034i,0.000240735694968502-8.48704108257559e-05i,0.000878165460338155+0.000309292820399704i,0.000120276045324865+0.000698031338427213i,0.000400280586476026+1.17989180589518e-05i,0.000411636043613989+4.12514183435142e-05i,-0.00107929649156505+0.000448868168396273i,-0.00128422436261714-0.00013495930904923i,-0.000171789939798688-0.000964696850236522i,0.000888429632123056+0.00131673995622258i,0.00041315840039405+0.00233554221250631i,-0.00191471580879457+0.0022151646260399i,-0.00256173254059316-0.000179642217915237i,-0.000157431172506613-0.00140934000402439i,0.000556250207584363-0.000887983893793205i,0.000791134786201469-0.000610387236412049i,-0.000419784946576298-0.00121242482031804i,-0.0017205477288018+0.00110460852633255i,-0.00292247346642167+0.000680778485294079i,-0.00316413025441285+0.000366187033744695i,-0.0032702852383822+0.000233819160820856i,-0.00233915444783037+0.00163881766553785i,-0.00214845675450399+0.00200464701865383i,0.000122600735744778+0.00233079351257602i,0.000586035131742139+0.00133375141846233i,0.00114358401732584+0.000740066877240198i,0.000419423788203037+0.000142231405568446i,-0.000167651442041826-0.000873703089823024i,-0.00130543961575186+0.000643782962405176i,-1.09936894879922e-05+0.00125432153013321i,0.00141733358627662+0.00172245275061134i,-0.000241115284696572-0.00238504416921787i,9.93106266400306e-05-0.0015638101859576i,-0.00107924433128408+0.00176086326633111i,-0.00126995738698143+0.00131716737900045i,0.00147143905958276+0.000589609589974589i,0.000877026242655853-0.00131322442036035i,0.000301435794071259-0.000421419704104231i,-0.000775607870704173+0.000465075273304803i,-0.000384758940684053+0.000204620412309523i,0.000625248667342585+0.000302039786405827i,0.000248003964660482-0.0010311159435134i,-0.000493438331238562-0.000738794566646012i,0.000248784726375761+0.000461370706791506i,-0.000846332754305499+0.000279340957586384i,-0.000639241514347613-2.78593405343239e-05i
-7.89820363056948e-05-0.000930009202400618i,-0.000310013015800778-0.000874142897980472i,-5.98922135054812e-05-0.000484228317980164i,-0.000539803352786322+0.000129830196354016i,-0.000280263678279537-0.0012511795336567i,0.000378994497225065-0.000190481753197068i,0.000560073188188368+0.001031325271694i,6.93916573740283e-07+0.00153105062400582i,-0.000608053006514495-0.000576624043266751i,-0.000425308877256161-0.000225692463259772i,-0.000170069323654316-0.00036671806726352i,-0.000402543738611182+0.000731887949097146i,0.00112796550020078-0.000452973282597036i,-0.00051108779266882+0.000685218339567548i,-0.00227743448365838+0.00118712394135395i,-0.00287672498296609-0.000424272155764303i,-0.000850267385795923-0.00393550870481688i,0.00164907621399614-0.00348372890627279i,0.00227496843996256+0.00022568924143379i,0.00090713299466427+0.00124133352630634i,-0.00094399886124142+0.00149356601549182i,-0.00127069032161126+0.000308188354337046i,-0.000895898771111326-0.00180477749734997i,-1.8466525608791e-06-0.00356097530183715i,-0.000334452972491992-0.00254636147625171i,-0.000675981825908683-0.00293795414660302i,-0.00124825124485062-0.00226654060245315i,-0.0012237773872298-0.00152659110252629i,-0.00135790307715971-0.000677282423060251i,-0.000976451663566482+0.000656523799836094i,-0.000481151282785377+0.00281348530829547i,0.000863641473392075+0.00249801930810513i,0.00115104966266934-0.00212643028019527i,-0.000466872249930495-0.001643597579251i,-0.00217340093086157-0.000105173136207317i,-0.00147755157632955+0.00172908907276185i,0.000818676579432564+0.00174984425096352i,0.000603010208009116-0.000741714062506721i,-0.000137200548283049-0.00159829644946356i,-0.000760868157295719-0.00154529286950811i,-0.000723149683208897+0.000597351207559519i,0.00106018044538428+0.000340106027234245i,0.00146832161640591-0.0016360956503198i,0.00105553671562541-0.000602676825323558i,9.38749200304703e-05-2.61145796133839e-05i,-0.000472564753674804-0.000534124221367633i,0.000147428569644081-0.000315831982410181i,0.000562907364331853-7.22602305879642e-05i,-5.41204608295453e-05-0.000189893689524805i,-5.21978469995586e-05-0.000758880914340034i,-0.000469297129839591+0.000223463164459821i
0.00049099892846073-0.00114610135459719i,0.000596664169818881+0.000362123161973003i,-0.000970269310160233+0.00232761297755256i,-0.000632123301791943-0.000504240814350884i,0.000276910131311804-0.00127852323539726i,-0.000367915723200657+0.00016431924780428i,-0.000464859650859456-3.02112331643171e-05i,-0.0013270353161862-0.00027296866279078i,0.000717830123253018-0.00123870228613954i,-1.00082110813134e-05-0.00118941909165289i,0.000787341180754478-0.000797870676534669i,-0.000768344399866015+0.000679790327102504i,-0.000933532052999306-0.0010756470413918i,-0.00179014221620604-0.00242746878077098i,-0.000961145044688697-0.00178609433546561i,0.000989426698840304-0.00305755244908262i,0.00347657297567549-0.0011753514443503i,0.00251031233335424+0.00145835188811622i,0.000145172269999797+0.00275376808049005i,-0.00252316512755624+0.00161272522807333i,-0.00214397274161765+0.000157033956183923i,-0.00105370752425136-0.00102906324126796i,0.000873469613618422-0.00132352318840668i,0.00229632682563163-0.00084075244404192i,0.00308474935406908-0.000882422415865457i,0.00197883284447096-0.00012017805597387i,0.00235206749919875-6.11919939583602e-05i,0.00174589728382584-0.000151771035984604i,-0.00048669669546965-0.00187355078548504i,-0.00167731631436831-0.00101279388847394i,-0.00220388911396933+0.000283242782912665i,-0.000992768170111355+0.00215192702490038i,0.00122173022170268+0.00190132122014357i,0.00253503046328775-0.000599125389215091i,0.00158381357281975-0.00157651988327886i,-0.001397361986002-0.0011959034483548i,-0.000667918882343319+0.000968666208509629i,-0.000154371058620274+0.00102551124003787i,-0.000292964320214674-0.00080941297015836i,-0.00063243384862503-0.00135717187680715i,0.000375649422374116-0.00157333189557715i,-0.000596406464000088+5.97472209920306e-05i,0.000337972280757576+0.00077485157974314i,-0.000762399600115089-0.00066547858167318i,-0.00105587377701265-0.000993857452793063i,3.02001040071009e-06-0.00183727563382551i,0.00101083961739907+0.000157170851639199i,0.000440698276950059-3.62033760177233e-05i,0.000130427825754693+0.000894529434474798i,0.00114248950430076-0.00116323436103658i,0.000205930327592981-0.00115191530100819i
-3.39986532181534e-06+0.000809392878693466i,-0.000156404820431529+0.0007058818025136i,7.71492282245641e-05-0.000967915662020753i,9.85204143770204e-05+0.000318984538869346i,-0.00102632919369257+0.00104316150741048i,-0.000902018051454669+0.000483348943043693i,-0.000282288339963762-0.0013467101365553i,0.00131439600047442+8.66748999460192e-05i,0.000237278966337786-0.000497231714227769i,-0.000465116250484897+0.000708299207776633i,-0.000695260398697314+0.000996598287788116i,-0.000652350909679794-0.000771871549433157i,5.20093845771593e-05-0.000655924817802722i,0.000693468660325283-0.00093088674459922i,0.00183656802681107+0.000188719991130984i,0.00160106447354609+0.00220566922982767i,-0.000547675490182939+0.00277653930608699i,-0.00386242485939155+0.00084611151070199i,-0.00272215820297903-0.0024589186588414i,-0.000493448083201212-0.0037508018314866i,0.00172909387479718-0.00191874107761279i,0.00230043676681678-0.000170501977362692i,0.00175871505589964+0.00225755420848276i,0.000207016867144853+0.0036778904494881i,-0.000908552505193702+0.00183610982990241i,-0.00177086336556519+0.0019969634748652i,-0.00237229060991506+0.001816378202326i,-0.00227970733769887+0.00150481468529179i,0.00192499414391227+0.000629730296387147i,0.00230939614317352-0.00123207462003954i,0.000847539666902216-0.00309385929622962i,-0.00145905167386058-0.00182557213423341i,-0.00284010830228632+0.000268038407783329i,-0.0026883952975018+0.00221763956557761i,0.00241924714643092+0.00151776981099599i,0.00240841511243099-0.00178960767541348i,0.000897529830700716-0.00220229147989076i,-0.00100675753730198-0.000996866034936891i,-5.85302949632429e-05+0.000241038248344097i,0.00175429879052816+0.000995119474564855i,4.68824354561308e-05-9.23499919708224e-05i,-0.000405173427584723-0.000696738096551871i,-0.000836132234332953+0.000632082251317916i,0.000607729677626241+0.000966922460250086i,0.000479485476268553-9.937971680252e-05i,-0.000303403491331501-0.000442230961657715i,-0.000686981215174202-0.000527569311319204i,-0.00141031146881458-0.000918355086331207i,0.000154091650943998+0.000475686611962033i,0.000132734807896942+0.000379747914624266i,-9.83539901886463e-05-0.00101004905751275i
0.000209766952842574-0.000853551619177011i,-0.000520095960446677+5.76863262347151e-05i,-0.000933079964771063-2.76414676684222e-05i,0.000476719078606916+0.000285618123220099i,-0.000311122524797856+0.000367284665074468i,-0.00055526609302116-0.000779420105321055i,0.00185930228569089-0.000289031758471468i,0.000982579583776932+0.00154323103648247i,-8.43115070483916e-05+0.000452449361248218i,-0.000101252705008579-2.57270427092822e-05i,-0.000239092557802843+0.000481291260568573i,0.000149189317626606-0.00122548783680717i,0.00175402156803142-0.000305912084930261i,0.00177712357078235+0.00138252390802731i,-4.40328898645259e-05+0.00144067315287611i,-0.00227656556736344+0.00153610305025168i,-0.00166804910117311-0.000318157923595584i,-0.000996608477135851-0.00326076868689128i,0.00205568132865127-0.00302885591859552i,0.00496918787513886-0.000108606365740609i,0.00230218996985461+0.0022141080107064i,-0.00016883199140792+0.00370011320029269i,-0.00223733004509536+0.00372371033806503i,-0.0030563700807924+0.0012931010378504i,-0.00209597160568274+0.000257108697180977i,-0.00257771529877791-0.00124264708008194i,-0.00355905478689363-0.000198030239964968i,-0.00506198715753578-0.000753151100166515i,-0.00116577894184574+0.00197831095891127i,0.000761963990066+0.00269070714226263i,0.00346183252445201+3.26746623249022e-05i,0.00231904991119971-0.00283195470211654i,-0.000813456487178366-0.00243958435474031i,-0.00276909231924148-0.000346498628929633i,-0.0014039585679845+0.00206031494732069i,0.00127528082490626+0.00295472979543i,0.0013181941131707-0.000731577387195819i,0.00100822600093344-0.000620654441628989i,-0.000324665858388615-0.000886282356480125i,-0.000208136934519112-0.000206479717715768i,9.87299816992646e-05+0.00100524245869627i,-0.000157351776517493+0.000679560677526413i,-0.00057458485466089-0.000892065429951576i,0.000310703865156195+0.000334457688505408i,0.000211611903791227-0.000858761771574263i,-0.000324652467890947+0.000256977646832908i,0.000219197305020363-0.000571016370965878i,0.000236324339500478-0.00138617375269496i,-0.00148120130503631-5.11775548567089e-05i,0.000737417912689602+0.00103783584943575i,0.00287925472900975-0.000526925214765268i
-0.000447122651879525+0.000197208385187959i,-0.00114590928188491-0.000221280590962539i,-0.00010135740747813-0.000814626035114316i,-0.000820352473359473+0.0011772768684332i,-0.00015670571033632+0.000190810597460573i,0.00073229984835963-0.000646145143085058i,0.000463939121454826+0.00120205421200698i,-0.00166663138154375+0.000419163865914911i,-0.000370896261768626-0.000888939166604985i,0.00164126539445659+0.000567236827194117i,0.000517757063455178+0.000216928897235222i,-0.000595608583886176+0.000368944854598852i,0.000109773755787109+0.000832352541266324i,-0.000558418327267215+0.00101575117544864i,-0.00151899183378794-0.000993837033110032i,-0.00128776662241699-0.00271083344564437i,0.000812360517280294-0.00290233056810707i,0.00219659112639251+0.000419809596310605i,0.000532345923796061+0.00276463417337787i,-0.00182735574064547+0.00174186656848882i,-0.0042397708180128+0.000600802692073107i,-0.00532471735755917-0.000816057230757568i,-0.00332505340136648-0.00350491054649927i,-0.000749298557806876-0.00293271167870568i,0.00190406077411607-0.00197410746399067i,0.00369533788629328-0.0035238200441803i,0.00301527066039436-0.00521309419114508i,-0.000352939301924525-0.00597252975056868i,-0.00279851054283788-0.00142989913126546i,-0.00354362436036268+0.000184186310387678i,-0.00116638084514193+0.00353510120409274i,0.00130015012408386+0.00272196854824997i,0.00364066926959133+0.000496541629295891i,0.00111290340892535-0.0010775247536263i,-0.00115302712987549-0.000660414438604369i,-0.00133254900316086-7.89409812392245e-05i,-0.000851502437053831+0.000130948949115524i,0.00129345270976744+0.00195575739181829i,0.00226554538066895-0.000411105094492877i,0.000310916488891049-0.00148736991010541i,0.000961268333328611-0.00136948440962815i,-0.000225846681574246+0.000265874012474382i,-0.000105671145929537-0.000178349534588789i,0.000173847434161481-0.000374660368644502i,0.00119717596628771-0.000798744478928737i,-0.00116463467391778-0.00183490417876839i,-0.00128827624957017+0.000256234349314132i,0.000941047374044091-7.14972663965575e-05i,-0.00113139743447619-0.000349891175052984i,-0.00104487885624519+0.00157462243315332i,0.000923793137793068+0.0013032760404017i
0.000188869859135545+0.000416608515670976i,-0.00014916785862612+0.000113405428230703i,0.000336086904414875+0.00010998938550706i,-0.000933102916128637+0.000123452628953i,-0.000894209569763331+0.000343834551756343i,0.00132658618211637+0.000598335989153694i,-0.0014039293239511+0.000504909792505053i,-0.00165337011468363-0.00114891622919004i,0.00153348338563389-0.00114836188319961i,0.000507563461408136+0.00145740237780006i,-0.000299298932676606-0.000264733903836053i,7.07164536078155e-06-0.00144721270362113i,-0.000579209910321801-0.000966724527235027i,3.89674411937805e-05-0.00137481089401179i,0.00143759651305885-0.000761350476707668i,0.001890195074947+0.00117184998009364i,-0.000591504359657583+0.00258565231506328i,-0.00232905709937105+0.000539286466469611i,-0.0028959591258866-0.00194977394804885i,-0.00225443506976119-0.0045513567141653i,-0.000852869883058464-0.00585471572866557i,0.00228379168235475-0.00591635743654185i,0.00416444706151761-0.00280274098216874i,0.00442445688801903+0.00040347923072087i,0.00452797902385811+0.00384872752846356i,0.00475681681311261+0.00530481975631866i,0.00658044095986467+0.00392058568299756i,0.00681134847911868+0.00015596863328305i,0.00405837043259144-0.0045806463279764i,0.00072603846992568-0.00515855661343353i,-0.00352563301758379-0.000821063342730218i,-0.00266365006509692+0.00105865015865816i,-0.000474939974420525+0.00210677164236841i,-0.000342511336715157+0.00176695595995188i,0.000827115024858679+0.000925057776104858i,0.000208686654781659-0.000589911838542952i,-0.00205400599407626-0.00137375953867784i,-0.00240923286763806+0.000949197991487294i,0.00124137822321386+0.00272390148024912i,0.00253088153648663-0.000119717591360478i,-0.000465421475737571-0.000702395580693947i,0.000761457690977983-0.00128591401416462i,0.000273452620013532-0.00104504319998859i,-0.00100985511856318+0.000456738800619844i,0.000840487199111643+0.00133069287464131i,0.00156458247962238-0.00172760060910495i,-0.000137675153744374-0.000782542478372857i,0.000552365403115974+5.23323386506562e-05i,0.00102616885931915-0.00147206714035675i,-0.000865036082515881-0.00033552230727965i,0.000280244942539597+0.000413732881755654i
-0.0013381651512108-0.000478362610485814i,-0.000232042868434146-0.00102491753375172i,0.000425847857594194+0.00102027908416951i,-0.000676467225035326+0.00013355261321638i,0.000357234330985146+0.000170819616856723i,-0.000773714157355938+2.49525390107121e-05i,-0.000785110683387874-0.000897309018058997i,0.000950916611219329-0.000346808001258279i,0.00058699093513124+0.000829714374770106i,-0.0016664917668903+0.000897425127022161i,-0.00114788742363693-0.000721304588020086i,0.000414167567754657-0.000660727179373512i,0.000831337112242233+0.00100287890480977i,0.0008070897468857-0.000109328480354806i,0.000314421911774493+0.0011601460462207i,-0.00178544526911435+0.00112705886490577i,-0.00250741794643599-0.000510028574571947i,0.000150697734832236-0.00423204728281205i,0.00380951687811907-0.00187001722742081i,0.005112533215481-0.000600433034195047i,0.00523852274323264+0.00108006309276914i,0.00435984553574102+0.00342480668884094i,0.00125924378457924+0.00644246043785907i,-0.00326284899843117+0.00722705126544061i,-0.0061926211852614+0.00675721363232295i,-0.00786364865461857+0.00802697972359609i,-0.00511085033181274+0.00968257849346018i,-0.00134615257110728+0.0101049551234184i,0.00507864053985385+0.00513024584171199i,0.00533774385113812+0.00162557842986901i,0.00188954519397083-0.00224874466260226i,6.05156005338784e-05-0.00192399182799847i,0.000507844438540691-0.00175151940920388i,-0.0011329815420321-0.00175628676223508i,-0.00183017136972617+0.0016476583698486i,0.00152413434682489+0.00276075709142311i,0.00158895213154831-0.00192895422380271i,-0.00140678266288109-0.00172889080974428i,-0.000568185580824424+0.00225790665389988i,0.00107199986451652+0.000822439954963402i,0.000592386597191644-0.000727447282187521i,-0.000350788299342645-0.000550078447076433i,0.000784542573189962-0.000812253099772028i,-0.00162915080763823+7.38951064366519e-05i,-0.000448667297775164+0.00106248844033919i,0.000917351437224313+0.000651355465459724i,-6.52288719656863e-05-0.00144953517891052i,-0.000243606157346878+0.000503248397940148i,0.000545733441599825-0.000389872041674864i,-0.00123848547872773-0.00149060704727262i,-0.00114607260578913+0.000668706095132776i
-0.000692541098878799+0.000244332400500985i,0.000630638073230506+2.81359524912438e-05i,0.000691250955915683-8.37398145662814e-05i,-0.00064162917040885+0.000821276385039541i,-0.000251833839551895-0.00102779029158217i,-0.000297363713197984+8.31078821563569e-05i,-0.000675482413000374-0.0015564256158333i,0.0005668152519854+0.000604258051887272i,-0.000505744268298935+0.000920997080782588i,-0.000295149848131918-0.000648363625061443i,0.00110298931010609-0.00158568991065129i,0.000137427472648103+0.00165896305394931i,-0.00141697652123556+0.000253167798130016i,1.24961520744486e-05-0.000371600296092429i,-0.00155511637177068+0.000985399916160038i,-0.00299133092629155-0.00146613902222494i,0.000569217945235078-0.00424853086100607i,0.00443827228280404+0.00235723133445261i,-0.00053446955184042+0.00362820986612861i,-0.00226062128121181+0.0031941180214444i,-0.00249468161327253+0.00152849525496015i,-0.00257984644878975+0.00218761130466947i,-0.00710528682640553-0.000198328283571591i,-0.00893041959128163-0.00231133973185857i,-0.0099260532831448-0.00464173261234942i,-0.0110638517086645-0.00494492742923248i,-0.0113017124451258-0.00191213910763032i,-0.0105148934727203+0.00157454404485781i,-0.00435669548102917+0.00516006196010478i,4.63316277920633e-05+0.00404521759491366i,0.00054052917078183+0.000695032306689754i,0.000511960042538588+0.00261979336833456i,0.00262500983077716+0.00312523324934122i,0.00382459860152878-0.00174718629571034i,-0.00177233950532429-0.00423970272900558i,-0.00280744290404259+0.00270406613300971i,0.00178485733439426+0.00232336127728319i,0.000497797321097685-0.00192847808763758i,-0.00210346715137448+0.00173405044958207i,0.000140280562093624+0.00155778107365344i,0.000231145949726976-0.00160608468572045i,-0.00129892606553396+0.000598489213117101i,0.000810262122579089+0.00171106472391498i,0.000491900577411951-0.00246058998680131i,-0.00176618203908563-0.000146406187493599i,-4.69175532104712e-05+0.00257531012411294i,0.00155832769210241-0.00129439983012886i,-0.0018669578797975-0.000731283996638013i,0.00046670775471743+0.000472777856493573i,-0.00012100341780109-0.00146689196134908i,-0.000314717627282701-0.00111580551539929i
-0.000808586554750774-0.000933590530542239i,0.000317689907004071-0.000737110741477989i,-0.000406433520469252-9.68981417693199e-05i,0.000434364031823241+0.000168442782364169i,0.00120904074247838+0.000263163355224691i,7.05684818724517e-05+0.000972190862267867i,-0.000831251045908893-9.92400708561537e-05i,0.000158785585463496-0.000101284959696557i,-0.00100138678215078-0.000401605588128332i,0.000138636556835345-0.0016795553166459i,0.0015582284192698-0.000336437524312222i,-0.00199453874723716+0.00126058417311229i,-0.00106075995077029-0.00238143456099984i,0.000879382975983093-0.00154540553711318i,-0.00302298991578091+0.000337535880106581i,-0.00240589838737001-0.00289111984017732i,0.00240604442998011-0.00107447134620069i,-0.00116136188855385+0.00519100370236556i,-0.00629870638550444+0.000413877705458961i,-0.00522095550897254-0.00644699604517998i,0.0026101078543524-0.00560768149544108i,0.00356629884351749-0.0013884045420085i,-0.00251690174840817-0.00361964926877074i,-0.00417885301940108-0.00675030948515874i,-0.00273180114590999-0.00929706595434064i,-0.0041952541765013-0.00955074806894486i,-0.005663591397511-0.00769641364737913i,-0.00623751662016094-0.0035728359260028i,-0.00312165656012236+0.00348017731638359i,0.00163971567903032+0.0026363605957287i,-0.000442265458640605-0.00385709473704755i,-0.00540202572494752-0.0023584864608901i,-0.00347535036258749+0.00686576607802844i,0.00635161970520172+0.00369653436012311i,0.00394311890216833-0.00458102264440867i,-0.00361311803107497-0.0003020144830483i,-0.000867111966417813+0.00296801966176612i,0.000930045054329472-0.000704442727417283i,-0.00253551527449686+0.00109108979444909i,0.0012712605377791+0.00296709996546971i,0.00359008136079343-0.00128933127965038i,-0.00264270708714005-0.000488441951856217i,0.000976392605137631+0.00269801162514047i,0.000960858368872106-0.00143265538789923i,-0.00156650866723587-0.0012157613090133i,1.64831238477238e-05+0.00192448436741526i,0.00201767321168131-0.000585595630734014i,-0.000359696993203318-0.000373289814715075i,-1.74374048972186e-05-0.000208938251295773i,0.000969712712011632-0.00120156819637625i,-0.0014261077465996-0.000889894914417034i
0.000366443032266889+0.000236818451826371i,0.000907048720661172+0.000673452963068856i,-0.000430843317500562+0.000586736039219142i,0.000836739504863923-0.000531648251491526i,3.47792518906835e-05+0.000855944866745697i,-0.000585157102778286+0.000297127784747121i,7.65629525607512e-05-0.00145313755917725i,0.000678212995995554-7.08836268651296e-05i,-0.000640094784882875-0.000545213200349296i,-0.000485522824357589-0.000339705664071745i,0.000787753077070926+0.00206248409966393i,-0.00218233716185395-0.00139208696428593i,0.00117273331397506-0.00396485234936106i,0.00213002233120003-0.000198963723493071i,-0.00239156502333224-4.69985641338296e-06i,-0.0011932147923594-0.00249226187879022i,0.00187593718688411+0.000927277117255678i,-0.00550896438595163+0.0022807011220488i,-0.00481758354242382-0.00733888760415697i,0.00912816330379557-0.00938091910045765i,0.0131961663595107+0.00278897441801821i,0.00678736741620164+0.00808084440291892i,-0.00567377323284429+0.00285155627465723i,-0.00626706873843269-0.00776544209516632i,-0.00435667398050233-0.0131004779287719i,-0.00414629319385292-0.0140324040285145i,-0.0088260263424537-0.0094002355704289i,-0.0111268757130274-0.00461656708988826i,-0.007658918475392+0.0101278381499012i,0.00376445984752457+0.0115406787383714i,0.00928010845916333-0.00352079995596818i,-4.4414310191674e-05-0.0100308009661978i,-0.00904820100003491+0.000511295128823627i,-0.000567785181908028+0.00820880567331574i,0.00545955981047792+0.000828642214728685i,-0.00318984981653297-0.00258429343289094i,-0.00116516505663022+0.00316148157584119i,0.00162381881351479-0.000440276834315585i,-0.00235683360528306+4.36906052785107e-05i,-0.00125296636193229+0.00388198656003636i,0.00393972743055939-0.000973798360520554i,-0.00122834089352869-0.00239768676862883i,-0.000773637572374375+0.0018502507412929i,0.00134884854775464-0.00012818791478068i,-0.000916174128296124-0.00166713655047267i,1.87076458605406e-05+0.00122176129841571i,0.000797671588426998+1.66314523166703e-06i,-0.000361953701925627-0.000970966318345029i,-0.000139876648043029+0.000166906454155437i,0.000343708191469723-0.00157621499981149i,-0.000919116261459123-0.000635619585295354i
0.00107763549931984+0.000396380108975481i,0.000884113191163026+0.000242152366979765i,-0.00075867019007586-7.76187484067188e-05i,-0.000251164713871995-0.000176106192195395i,-0.00045150011576326+0.000826261494164188i,-0.00201093328969408+0.000368719763537005i,-0.000304537276382982-0.0017248561421349i,0.000399379875459202+0.000345825227917468i,-0.000635023629720966+0.000546035129553437i,0.000709666921000923-0.000659258824666823i,0.000358495132666478+0.000412327900798863i,-0.000494971984755041-0.00229926001887251i,0.00304335885343131-0.00080920503053112i,0.00288914712087567+0.00196896116323107i,-0.00345090176689398-0.000655261328522277i,-0.00092549053927766-0.00428321278665867i,0.00160411071409873+0.00236397253263807i,-0.00345876613695078-0.000108889738476939i,0.00243479441394474-0.008810745760918i,0.0154007669626489+0.00251008476173757i,0.00153452107071663+0.0218025593138267i,-0.0133637171561053+0.017973222457991i,-0.0215131560700122-0.009002541111818i,-0.011375799110575-0.0269256848021602i,-0.000608803341169017-0.0344186428781435i,0.00484469367354615-0.0351758584710674i,-0.00516261526211-0.0357305738635239i,-0.0178056087678297-0.0259661017882026i,-0.0306124931127924+0.00173753766326426i,-0.0145094451205847+0.0215843156239136i,0.0153165096764543+0.00739102494645677i,0.0123847391394558-0.00797682473609735i,-0.00694523955175579-0.00959058894463512i,-0.00476371664058516+0.00461892861557756i,0.00441300454232152+0.00342105115744904i,-0.00274081595231623-0.00337458863181632i,-0.00085900480251358+0.00464468080328834i,0.00463218696366578+0.0023838918804667i,-0.0030120155999737-0.00400912991277409i,-0.00391010767643803+0.00205452394514077i,0.00415731954849263+0.00127918901723048i,0.00170474945981466-0.00327074166915675i,-0.00174525044102919+0.00171423118436037i,0.00169637547046758+0.000897377239919488i,-0.000116379388552569-0.00107789483877551i,-0.00193486266470833+0.000124055205796941i,0.00176979422244065+0.000367856522474035i,-0.000657318803415369-0.000958731830273757i,-0.000675805785963943+0.000482278531170045i,0.000379546026306335-0.0013643297137716i,-0.000935445057905313-0.0014167114924847i
-0.000583476645606726-0.000640903221020061i,0.000141421257219351+0.000403947842500647i,-0.0007010245370778+0.000151574939782757i,0.000933292014407936+0.0011860454138905i,-0.00036432450270619+0.000859053030351777i,-0.00147847097746827-0.00124690050980848i,0.00128820854959022-0.00209649058170004i,0.000972919021315765+0.00104865147868537i,-0.0013297743874238-0.000891605715943216i,0.00131474100941809+0.000652503388214632i,0.000424514747628208+0.00140823415347018i,-2.51304773554912e-05-0.00126382840417934i,0.00252706157627308+0.000412396182544894i,-0.00124105514051478+0.00354225947293547i,-0.00380036669961381-0.00382094266480472i,0.00377243018515249-0.00538141222862383i,0.00226170217058545+0.00476337921425934i,-0.00433350493485107-0.000464398032763842i,0.00491538902067584-0.00392438591031172i,0.00810032422712966+0.0125878307320127i,-0.0178216491946908+0.0184240560897009i,-0.0312159459586039-0.00249287383396748i,-0.0141010810457257-0.037417208914351i,0.0140938052420665-0.0520015820890348i,0.0388402815811593-0.0514935508661344i,0.0438592446862404-0.0477804071370764i,0.0298180772201794-0.0535401386160913i,-0.00153152349162972-0.0520549239775489i,-0.0327257351683165-0.02447515843201i,-0.0333930755204606+0.0102194826856391i,0.00770165520453321+0.0195864120881386i,0.014637343458264+0.00139446789915891i,-0.00201550702887861-0.0101319621624566i,-0.00611558889840108+0.00299174586394876i,0.00585226086707503+0.00377963718040227i,-0.00124321107900667-0.00671129467440446i,-0.00462253094869388+0.00246266029253318i,0.00308620216033899+0.0041833365859157i,0.00079281089120727-0.00387970939194763i,-0.00338905350473353-0.00119646938523725i,0.00126864514118956+0.0035269511814583i,0.00337875081060502-0.00192631879440199i,-0.00341514001734275-0.000673025937228621i,0.00155016652801843+0.000818301621526838i,0.00139639780511055-0.000936682548979849i,-0.000396646251908761+0.00014522205225742i,0.00202014511366283+0.00104651582406683i,-0.000588518095252769-0.00216021366204284i,-0.000645865172455187+0.000774296172952581i,0.0012600810822003-0.00117023335771296i,-0.000382230406335438-0.00149434360944887i
-0.000269422363357591+0.000282025903220555i,-0.000108428307732073-0.00117030022798132i,0.000618177393019631-0.00116882061202299i,0.000340542053088277+9.21482241445485e-05i,-0.00102223812380378+0.000821365272593505i,-0.00100126254802862-0.000721746510737862i,0.00167561933382088+0.000559029390151939i,-0.000422574984789916+0.00113632538081209i,-8.60944551487088e-05-0.000639040592351007i,0.00143921686659236+0.000984683748713645i,-0.00128671928593688+0.00106795653923989i,9.12194158479305e-06-0.00154047720748363i,0.00236393990001402+0.00230478524538845i,-0.00421802570109573+0.00218519596462542i,-0.000222981683074421-0.00546059861367019i,0.00612092276433284-0.00320869064730126i,-0.00146698570459712+0.00700646755182032i,-0.00683123103146647-0.00267401075517444i,0.00381013357241078-0.0069986501780759i,0.0067602732018921+0.0073810855896397i,-0.0175847053150326+0.00611628324679614i,-0.0175814101959189-0.020131849579509i,0.0122055934855081-0.0383188786481537i,0.0482287711158367-0.0340561226072744i,0.0696932913711824-0.0198974621114092i,0.0707845310546343-0.0199198185168359i,0.0542719255047546-0.0356076052385076i,0.0300276158613795-0.0490682141790122i,-0.0170177420128608-0.0364800246399257i,-0.0353648312124383-0.00899968778048691i,-0.00121028206724418+0.0166707072965272i,0.0120370849460789+0.00918881955159248i,0.000111082434460095-0.0105912408414861i,-0.00948805896205929+0.00121917364755905i,0.00459561206000827+0.00974381896322797i,0.004153803759564-0.00588183047166298i,-0.00608250142957823-0.000113599223133596i,0.000439955645268255+0.00651609324366522i,0.00395917138115405-0.00283794061530526i,-0.00194600706092643-0.00229199192529319i,-0.000526440137040031+0.0017942556037339i,0.0024590417482504-0.00126448254328878i,-0.00210672250419499-0.000338850894544744i,0.000579061758658502+0.000904796211468784i,0.000871884906603423-0.000939092094902722i,-0.00100593255648411-7.71094014207297e-05i,0.0012224749065037+0.000578582086027318i,0.00104363500670674-0.00143658080814562i,-0.000460582167865555+6.69566785719905e-05i,0.000418215048464588+0.000161437947197602i,0.000338709426972251-0.00134495088556891i
-0.000728303289346575-0.000215898148267746i,0.000236585971451545-0.000542688492411053i,0.00110313543044852-0.000749549855811432i,0.00037173386449723+0.00101797211387576i,-0.000332944878915424+0.000425364319796531i,-0.0014159283281642+0.000231662741574406i,0.00025534753394388-0.000818431100103762i,-0.000711594022805833+0.000618206460860069i,-0.000191240374482182-0.00176955764311412i,0.000520238530948796+0.00105378642874939i,-0.00231391783141073+0.00115392294202606i,0.000304463290618246-0.00259624872799598i,0.00234035018510301+0.00192019051357255i,-0.00363383583959654+0.00369423156380034i,-0.000262071224896372-0.0038610909062722i,0.0047410081498861-0.000773037447385508i,-0.00218662950167371+0.00497005584221339i,-0.00356095532655397-0.00506752455198758i,0.00518207441396985-0.00709079673914892i,0.00664406214390584+0.00786661762741645i,-0.0104700576333067+0.00713490881665365i,-0.0105700546486172-0.0127506281954657i,0.016415894494044-0.0235925839106053i,0.0363956565369767-0.0120316061123623i,0.0496916093750854-0.00124576943069943i,0.0522603193100854+0.00104306439356366i,0.0465221661212791-0.0111163190990437i,0.0281096369956035-0.0296095091168162i,-0.00340571566964715-0.0285530122510982i,-0.0232258585901086-0.00651691138073394i,-0.00265458945010407+0.0156122487103977i,0.0109719553422478+0.00724306319980838i,0.00187287665981612-0.0129522507171881i,-0.0101136553766749-0.00158458135987624i,-0.00117737487763716+0.0105082664365302i,0.00656722632997458-0.00305116826713101i,-0.00421348548119561-0.00151256409902641i,-0.0015457049972797+0.00527665815077851i,0.00421662619995266-0.00193245464060289i,2.04290647638963e-05-0.00355312101831667i,-0.00152086367947225+0.00251416508727648i,0.00135717328484808-4.35684713940188e-05i,-0.00188130265351123-0.00147625898456572i,-0.000896617812099091+0.000994755257503431i,0.000976173191378652-0.000680894749425985i,-0.000231791852476077+0.000352984381512806i,0.000536481293306018+0.000131620244240073i,0.00139626564962595-0.00126172518423116i,-0.000623980915590488-0.000264046579620465i,9.98386558603336e-05+0.00113337176662081i,0.000320290302127823-0.000338666526655546i
-0.000358628530416051-0.00100424651143204i,0.000442465764712288-0.000112427258247317i,0.000365746151880424+0.000265129613859792i,0.000554375449686381+0.000434395663548642i,-0.00104177452558675+0.0020834242527342i,-0.00102389128621-0.000629051393438392i,0.000178797369788682-0.00125819792207013i,-8.35322599245774e-05+0.000373248714837587i,-4.01887848739854e-05-0.00180430199161251i,-0.000236217919608915-8.14654384825344e-05i,-0.000707777415930892+6.20107968556441e-05i,0.00210090478516956-0.0019805170429978i,0.00141159807251904+0.00282090276892128i,-0.00354337396471444+0.00220572946928044i,-0.00178475035184041-0.00290222351605835i,0.00197940952517694+0.00033488974043357i,-0.00156252654847653+0.00277604195925834i,0.000927277271867714-0.00374346403346635i,0.00777898631561299+0.00142045515305493i,0.000220197492351236+0.0107920421254101i,-0.00879394501598474+0.00294830380004378i,-0.00497440547388581-0.00598905953092107i,0.0136939359527839-0.0040846286702141i,0.0174306049968612+0.0119949473484712i,0.0140474142435347+0.0224990283352428i,0.017507020732032+0.018004832755839i,0.0217233882349065+0.0134704047880119i,0.0234818210770091-0.000428357344488777i,0.00164405131807469-0.0150411408283885i,-0.0139123901902556-0.011911132854121i,-0.00570875518489569+0.0100778063443915i,0.00536812620249688+0.00882542131972984i,0.00479230377670613-0.00960823894482494i,-0.00851028678300612-0.00627798885219023i,-0.00535296338062444+0.00770416309700084i,0.00479523468316353+0.000646799312266163i,-0.00199864201952236-0.00277569815839036i,-0.00250634403048933+0.00365604177591258i,0.00367289372338634+0.000436045823501286i,0.00136299765891009-0.00138327406038073i,-0.000988803335192611+0.000792802364929689i,0.00142635527719425-0.000706364670754344i,-0.000993891964390318-0.0012706925018509i,-0.000991353419503142+0.00126107123655475i,-0.000276701329469606+0.00120152168306619i,0.000511832615368797+0.000246214680101427i,0.000792700825616712-0.000305776496958862i,0.000184118517079317-0.000263241039038398i,-0.000128229575429226-0.000118748023439701i,0.000324023268298094-0.00028572573116319i,-3.40125522193762e-05-0.000359282953598005i
-0.000232280620452813-0.00109155086322842i,0.000491603029841769+0.000428125937193312i,-0.000100067253590268-0.000625344014396196i,0.000314904001509479+0.00111107550700037i,-0.000479561916374432+0.000806672545474352i,-0.00171961295891071-0.00120752902585684i,0.00145223401750865-0.00139343318743269i,7.40765655037642e-05+0.000249158586881805i,0.000519813743273917-0.00208285178042337i,0.00132519588116888-0.000686206264064684i,-0.000268135753742557-0.00068656463125959i,0.000876972567415856-0.00104181660262876i,0.00125796406521319+0.00178916995449769i,-0.00189719594124686+0.00199252062290484i,9.30994144154292e-05-0.00126738391595178i,0.00184186951967445+0.00141400466513557i,-0.00195884540808397+0.00189293485701099i,0.00332565211107885-0.000811047498473513i,0.00496346630271162+0.00732867029433086i,-0.00570112794007041+0.00756691747193609i,-0.00804607500330337-0.00555814242878297i,0.00247726763036701-0.00995693425150175i,0.01644034292725+0.00339802996476993i,0.0137237436305798+0.0226523178423938i,0.00576819822806395+0.0350747271220488i,0.00409960905331226+0.0358907324727521i,0.0152919664023257+0.0313819465236175i,0.0228839030562501+0.0157511688110467i,0.0166103593224619-0.00866890244535508i,-0.0013866629621274-0.0177468643591568i,-0.00898372424705446+0.00502371273766645i,0.000129405338409827+0.00681718665105626i,0.00725292294730133-0.00489710445451058i,-0.00496086444151622-0.00757447174818682i,-0.00599929128502464+0.00398038460953039i,0.00429136906282344+0.00312174844101302i,-0.00193980963132023-0.00322097045348374i,-0.0050867238000489+0.00220626829995092i,0.00336873935469358+0.00256937880189427i,0.00148559909751763-0.00182264846313475i,-0.00162561589928907-0.00081143657665252i,0.00177395366083412+0.000260233308049739i,0.000158625887633872-0.00183012552753491i,-0.00209719630656613-0.000632101930155611i,-0.000869010812879737+0.00197719585826354i,0.000293626965993752-0.000229248836734366i,0.000603726789710998-0.000257387094870565i,-0.000133353090419963+0.000211110177785117i,-0.000241526583239638+0.00106468601803724i,-0.000121931072755925-0.00102521158731868i,0.000680960935842749-0.00117571324826726i
-0.000665922384478933+0.000291697187178767i,-0.000376259371887452-0.000122685775369428i,-0.000945819844630406-0.00104959526209907i,0.00131353235349237-0.000487033403410995i,-0.000629458895314678-0.000344397458513137i,-8.52313240732146e-05-0.00209479081180762i,0.00199985145450408-0.00106804886599713i,-0.0006355126863872+0.00212137243897136i,-0.000252505486416706-0.00161019719636847i,0.0013781884177393-0.000523161664181106i,0.00121714972324114-2.15166798930086e-05i,0.00040852748854328+0.0010220629353361i,-0.000882669775494057+0.000635253446532256i,-0.0007523673672035+0.000585690367118014i,0.000679795093007848+0.00181730991933347i,-0.00160069041982708+0.00278313896626481i,-0.00277317698853001-0.00241478515327686i,0.00537468953737706+0.000393691463468894i,0.00456541538746704+0.0063676828550867i,-0.00868347515166107+0.00362272391951184i,-0.0036538378021546-0.0135718168277141i,0.0127652184614195-0.0114685715420481i,0.0238561821303013+0.0127328242042027i,0.0099735794421419+0.0347754042587799i,-0.002284953897504+0.0480383585748764i,-0.00518961800460183+0.0489624262409513i,0.0072577048438812+0.0446198086620477i,0.0242967636053057+0.0258308922647741i,0.0285617440876495-0.00468240347760671i,0.00648407795637714-0.0212056556350317i,-0.0129984563176534+0.000940062354169135i,-0.00479133503574017+0.00848908230926438i,0.00826410100569211-0.00408954463532962i,-0.00465476279160197-0.00759237165148681i,-0.00666834079948325+0.00439667560245434i,0.00741270982330561+0.00106488001055195i,-0.00106574785008752-0.0057236204040301i,-0.0054960465298866-5.9276552211206e-06i,0.00184698468407281+0.00297854000774156i,0.00141090365467656-0.00163974676646298i,-0.00235716945774794-0.00115419228454006i,-0.000107810079111887+0.00245645724568912i,0.00132688955625974-0.0016035610858472i,-0.00191643515611153-0.000657384282012913i,-0.00123133817511546+0.000861251427935626i,0.00226064600267438+0.00172156594856506i,0.000826861235189525-0.00020328416072923i,-0.000675216739620019-0.00110273433585631i,-0.00019177291939987+0.000419596022935013i,0.000242802160387297-0.000202895210449755i,-0.000218386237178578+0.000446383771525706i
-0.000308501545956925+0.000688716956826227i,-0.00129599696728301+0.000425336309581194i,-0.000378872066266558-0.00108225181392979i,0.000987020939787346+0.000287074820427129i,-0.000210124855323849-0.00052202906907163i,-0.00033512232390707-0.00152933299237722i,0.00277435887317957+5.09558555316448e-05i,-0.000322910060621036+0.00215051060836802i,-0.000160905409396308-0.00100821477357282i,0.000742948571627988+0.000592914674338192i,0.00143344543217674+0.00106240823541916i,0.000304694304526728+0.00058538796879426i,0.00144175618861669+0.000413171630009846i,-0.000352942283888835+0.000391419293936697i,0.00100400320104449+0.000922107317535143i,-0.00142364841453443+0.00247783281498758i,-0.00350324498341186-0.00251472256159284i,0.00376554742008079-0.00187239449318882i,0.00518543803683824+0.00394902393685112i,-0.00619407540380851+0.00358793082983833i,-0.00166443511917108-0.00932016799860335i,0.0113237609002502-0.00598927661126024i,0.0151511474595798+0.0165447067782667i,0.00168016181533994+0.0360115350419353i,-0.0115884389867064+0.0446716457336407i,-0.0118617044294515+0.0476503246441487i,0.00480717882845187+0.0443249692207024i,0.0199501389560312+0.0281338201044447i,0.0218257475658348-0.00710077694004286i,-0.000125831297346411-0.0191229342448668i,-0.00917309687692524+0.000795847711942153i,-0.00233107022703274+0.00669743009816149i,0.00921564055599315-0.00210187965547645i,-0.00541084874594536-0.00724957668810828i,-0.00628188275496382+0.00576875335485034i,0.00768185071254022+0.00198001825491131i,-0.000743000997385474-0.00621037186853117i,-0.00562395061313682-0.00105482948028418i,0.00136930838392969+0.00266141957434753i,0.0010148979311686-0.00195447895481515i,-0.00142215144400959-0.00075102177955887i,-0.000191553350850989+0.0025568353335704i,0.00135606156405151-0.000245388271003737i,-0.00172917090036233-0.000969507012313238i,-0.000834329849086298+0.00195095088922868i,0.00085381313388996+0.00119381751138321i,0.000610770913043783-0.000407865922613391i,-0.000828158418559395-0.000938134709420886i,0.000963292333020181+0.00160524606232734i,0.000401024735244938-0.00104045624406748i,-0.000642529545941884+0.000267937175543682i
0.00133146524542124+6.87166660002572e-05i,-0.000801979866579757-0.000250166180336793i,-0.00087473377188077-0.000779691889821344i,0.000505728005967942+0.000219672853257546i,-0.000330584796700108+0.000158590160906497i,0.00063348175538489-0.0011528146635941i,0.000893657611259046+0.0011052765867925i,-0.00170494657189927+0.0013487113711738i,-9.83837897900416e-05-0.00118725985076518i,0.000226584000327437-0.000219170572718334i,0.000126980584754981+0.000192984746758523i,0.00167261759762106-5.76859290242988e-05i,0.00133590580048317+0.00240173489771843i,-0.0018327196643928+0.000368122402111575i,0.00118448968028851-0.00189731416703611i,0.00080151851340076+0.00130160774460096i,-0.00183422172974857+0.000436990641560436i,0.0011900846718769-0.00200571481166637i,0.00271791890356628+0.00225332478429894i,-0.00365996135026736+0.00209741168333165i,0.00173678070208946-0.00572162582320519i,0.0084803061190419-0.00269763288612689i,0.0104803744534421+0.0161920064176747i,-0.00533139026165684+0.029790495784803i,-0.0166946838107474+0.0349047338272369i,-0.0171351847412865+0.0390097003616551i,-0.00010822924161412+0.0365427185899125i,0.0163131754569894+0.0198274837708572i,0.0187844071236394-0.00453949812567642i,0.00286018137275023-0.0152238531440635i,-0.00790008805793619+0.00105788034772265i,0.00118781176788952+0.00416912430061288i,0.00367892793377143-0.00621352063006184i,-0.00673364509808069-0.0057520772027656i,-0.00470976787857916+0.00532784344181664i,0.00753941175804979-0.00126159660635597i,-0.00102608131620906-0.00628482754135356i,-0.00532424015337261+0.000525907993861987i,0.00148079710631449+7.37094811903994e-05i,0.000366533322011708-0.00167311038227196i,-0.00248779099617787+0.00101221541638565i,0.000847689446051695+0.00172804038255503i,8.81323468933443e-05-0.00120723770396662i,-0.00139842801552331-0.00119886390402609i,0.000329043898469845+0.000749041734742628i,0.00100331074402321+0.000186843341367531i,0.000162829866154901-0.00117264864273085i,-0.000289050535800433+0.000285770192882997i,0.000241009562038804+0.000589701535063144i,0.000402349490159332-0.000305616442577065i,0.000704072390341051+1.25568529329022e-05i
0.00074400046093224-7.47979373314133e-05i,0.000104869006400588+0.000342991093326194i,-0.000497248150197857-0.00068980309288908i,0.000620435552826373-0.00045385500329091i,0.000923204477908294+0.000432459933428633i,0.00142005471843122-8.51938603445841e-05i,0.00104164575410661+0.000976136051224014i,-0.00129464923645573+0.000714475568469832i,-0.000837990183753656-0.00117297312598909i,0.000830282309033409+0.000117801313569188i,-0.00120413635855031-0.00044374476925244i,0.00128496020532207-0.00190300355679273i,0.000929521548064494+0.00256139031584408i,-0.00217043948174052+0.00172526969396624i,-0.00052980072597119-0.0013117978061147i,0.00101806959592613-0.000754651035242688i,5.27336333491723e-05-0.00145047475858945i,0.00255380745647329+0.00116165961745878i,-0.000632709354460341+0.00682574316500348i,-0.00988552261720037+0.00149102389428137i,-0.00436805484120647-0.0122153898254538i,0.0085738523081223-0.0112038893026931i,0.0166392339367935+0.00949509456957351i,0.00722065758325842+0.0306006050165721i,-0.00656289401417653+0.0365113925083698i,-0.00643419664708501+0.0404929133009189i,0.00509784757892481+0.0341100621463446i,0.0175863961701156+0.0229863819666618i,0.0173572837854582-0.00814230541268319i,0.000679625387836658-0.0157648979795725i,-0.00851444748978524+0.000398636163194442i,-0.00156287865162384+0.00239822211698123i,0.00142393838255065-0.00471891497265812i,-0.00577759043641723-0.000702498403807389i,9.91801865436823e-06+0.00541819865207693i,0.00397980169201776-0.00470887800831545i,-0.00285416426227442-0.00403856810503665i,-0.00265007787682516+0.00335867782870688i,0.00177841740683651+3.50822256834504e-05i,-0.00197874522377992-0.00315990588579013i,-0.00299102282009255+0.0037870607160894i,0.0016132668474422+0.00207566241080434i,-0.000364332052681513-0.00160003914630877i,-0.000731691144334623+0.0007292279487407i,0.00184219887369352+0.000463229152093469i,-0.000141658084494045-0.00116251585967306i,-0.00114204915861991-6.34244796426928e-05i,0.000384267394399208-0.000374634951518807i,0.000404472254584623+5.29018164730081e-05i,0.00100259746176993-0.000205736602249053i,-5.25185749573019e-05-0.0001275599456314i
0.000697827465103953+0.000358352659446176i,-0.00100612240632628+0.000622478243372288i,-0.00181172998858949-0.000924236933235231i,0.00136367001173157-0.00024529956825716i,0.000247644938079099+0.00078161854775557i,-0.000924942282289136-0.00038491517701235i,-0.000188658484368464+0.000536451069069694i,-0.00219408997769256+0.000999427467111049i,5.07285856405536e-05-0.00188955866506938i,-0.000202654645059891-0.000392192824409202i,-0.00125750593750874+0.000206422738889224i,0.00137831954266531-0.00162741779559707i,0.00239186921842279+0.00199873854599392i,0.000802025616422498+0.000707387373286225i,-0.000772651710987893-0.000747865130372871i,-0.00122884487084384-0.000237881365507917i,-0.000190196414741549-0.00392049160616057i,0.0079125260919924+0.00109096811502255i,0.00379556725316169+0.0157099947427017i,-0.0154590499528133+0.00944928389929862i,-0.0151637217284711-0.0131254880917058i,0.0054649068080055-0.020862901471516i,0.0299989995005406-0.000310964321077108i,0.0260290864636579+0.0294409989961774i,0.0151169857973856+0.0433936668383799i,0.0144241899130589+0.043060143448743i,0.0240273779299758+0.0317339712754666i,0.0310764144511404+0.00509608694226618i,0.0181449956703126-0.0185403783573265i,-0.00625955001264977-0.0181846942036579i,-0.0130534751537489+0.00347415158711892i,-0.00123074685948124+0.00658256215623547i,0.00263452316737059-0.00283894676305027i,-0.00516563396646295-0.0011168392670291i,-0.000647479685645509+0.00486089638404006i,0.00107085962527509-0.00351719668823498i,-0.00398911714601272-0.00100600096398055i,0.000281372428667593+0.00360446119984303i,0.00182158301018692-0.00150921053330623i,-0.00398000889483491-0.000810953043355375i,0.000970757099747249+0.00437573274502587i,0.00333146575108592-0.000635981892508541i,-0.0013178379106606-0.00158082983348996i,-0.000832461777306924+0.00142127819239952i,0.00117339098666299-0.000257671152385417i,-0.000655645177503827-0.000728398835221934i,-0.000391783226556239+0.00218931629258587i,0.00030037226928123-0.000595152457373083i,-0.000143920475967766-0.000721668395491641i,-0.000789040095724202+0.000663461942043644i,0.00036714503531285-0.000571928690866543i
-6.11101238370591e-05+0.000852123995329976i,-0.00100208069229299+0.000866850748350496i,-0.00143366284736526-0.00169793971569712i,0.000753288445781677+0.000116615627629628i,0.000369599125393292+0.00143327909881012i,-0.00221761771414757+0.000219742322985677i,8.87723412605844e-05-0.00070948561253546i,-0.00130563535125041+0.000620470812633655i,-0.00156429270370479-0.00180570196042377i,-0.000679044956015577-0.00143678294194404i,0.000153158521500645+0.000651035595125002i,-1.52369901329571e-05-0.00145290393454729i,0.00132049428724184+6.56787938213409e-05i,0.00170448859223334-0.000968915717027362i,0.00407049688624717+0.00166432098815807i,-0.00154790721815803+0.0030831673005537i,-0.00474002400687651-0.00475236657597971i,0.00827048558941576-0.00649640363801611i,0.0132423907220148+0.00949634459149628i,-0.0112652915794849+0.0154703146123889i,-0.016518486781401-0.0110822753870287i,0.00230495717763403-0.0185281920410503i,0.0288820538325437-0.00482464470561639i,0.0358168255609449+0.0275710718820527i,0.0275356586031716+0.0451281335726417i,0.0252782326540479+0.0434852398103612i,0.0352469211812204+0.0257512767873582i,0.0355539895502242-0.000144114822409142i,0.0144185128249419-0.0263692400588528i,-0.0147962401090512-0.0235013765717732i,-0.0119782411206238+0.0108928777974251i,0.00108639884281019+0.0116718364974236i,0.00522845714433069-0.00726247648779625i,-0.00707925726748539-0.00370270555672312i,-0.00287370471675912+0.00518095132892915i,0.00263098500547378-0.00113251764397444i,-0.00344361997812482-0.00100709922305084i,0.000638680870318977+0.004427586129962i,0.00252484995611302-0.00212536282402458i,-0.00217881829097016-0.00174663361335307i,-0.000118604515245846+0.00509309847742491i,0.00396371757814297-0.000978515375336979i,-0.00142865235261688-0.0021145513179579i,0.000411400722583745+0.00206065444069685i,0.00184188683989266-0.00134751640852858i,-0.00137170263474262-0.000205966693653371i,0.00124860793455608+0.00104461437274887i,0.001138189558715-0.00129064450745761i,-0.000338886069633425-0.00167355827453076i,0.00047163904223528+0.00133521052317036i,0.000591106885279816+2.64048318762442e-05i
0.0013809789313765-0.000146043619410194i,-0.000207629660818247+0.000430283515003046i,-0.001044095760423-0.000651774419349477i,0.00130640771568888-0.00158582901813948i,-0.000642787324489469-6.7091666397732e-05i,-0.000982519870978657+0.000331079195838287i,-0.000265949242227965-0.00120291905984526i,-0.000625516303114923+0.000292028530642767i,-0.00171478490370544-0.000545577922258293i,-0.00122338485357964-0.00126803062551183i,-0.000542028751003794-0.00036682702724782i,0.00154592375128098-0.000782725013094053i,-0.00197233371671591+0.000733150898663274i,-0.000274730773622449-0.0020382440109796i,0.00568663453350857-0.00198776928221725i,0.00302795562643011+0.00534136420022586i,-0.00729801301362754+0.00172544997368263i,0.00340117765717167-0.0108384885396721i,0.014514785790873-0.00151536543900745i,-0.00292467837288501+0.0123136411890161i,-0.00990830450799844-0.00136514239879736i,-0.00036517550129915-0.0110666987396103i,0.0243167556777602-0.00330524553714463i,0.0304364048702105+0.0205548082210757i,0.0247753898945369+0.0355046020747454i,0.0246822769343435+0.0348761020780788i,0.035710952817422+0.0190120676277684i,0.032058816362878-0.00451306348040871i,0.0101509085158669-0.0255158290570005i,-0.0185414804767393-0.0189642692824416i,-0.00770747609312841+0.0120578940001676i,0.00659401727760111+0.00718973417718707i,0.00470891141215006-0.0113450043028551i,-0.00976613153860319-0.00411431418734213i,-0.00287688824566623+0.00739583795961587i,0.00500634028026374-0.00053124373629975i,-0.00257540122612425-0.000180924712158464i,4.39388995197329e-05+0.00299330251077378i,0.0015189867316486-0.000919448205426654i,-0.00129261888352178-0.000785708798649897i,0.00168799525478507+0.00259532796208922i,0.00316656775266635-0.00104069240043656i,-0.00191954419953732-0.00108839974022793i,0.000137616462817479+0.00248006638757462i,0.00124562460285698-0.00102396328897613i,-0.00136882254884354+0.000556539093530523i,0.00105561414790884+0.00130512582082836i,0.00147898005287563-0.00138240265898174i,-0.00158595649444834-0.000279330385622384i,-0.000313308636588738+0.000953445268193519i,-7.33457173793852e-06-2.24044327908455e-05i
0.00113119150973573-0.000890114775695456i,-8.34193248029801e-05-0.00010499319832748i,-0.00131172303265675+0.00031539180685121i,0.00141521629293792-0.00181246037315213i,0.000981304330232084+0.000926780155749597i,-0.000249374307174737+0.0012058008038709i,-0.00114770012190712+0.000592391161647307i,-0.000379074620495977+0.000390966206984537i,-0.00131167595869534-0.00049067341573588i,-0.00262098984040978-0.00087634898883728i,-0.00105592834529436-0.00249054971186467i,0.00314655951152962-0.00130984312723627i,0.000991353713687555+0.00363659513792713i,-0.00345410116595716-0.000926926179003372i,0.00374865582186329-0.00558855321297264i,0.00769392295269115+0.00079209269254873i,-0.00359095618823211+0.0034667382599299i,-0.00349596142776243-0.00593377923231964i,0.00509441894993895-0.00664673932679946i,0.00280909460893423+0.00216455639763334i,-0.00426749501005673-0.003982978577614i,0.00125745418139209-0.00908490182812492i,0.0188938059874694-0.00294912899847313i,0.0222673539020892+0.0190463923138226i,0.0230179833520241+0.0259077442993244i,0.0204569608497757+0.0279188571885833i,0.0278720136170999+0.015052206963985i,0.0251296032524459-0.00524049094491721i,0.00355831321132903-0.0180910804282171i,-0.011793586704156-0.00526239356525283i,-0.00198121928036961+0.00782024701869423i,0.0061897431909613+0.00308244486353509i,-0.00157497862359789-0.00964992302228433i,-0.00971910519682857+0.000678662435903296i,0.0011679370730629+0.00728518287788175i,0.00319850315354883-0.00393183123779665i,-0.003833166833444-0.00168546956995176i,-0.00024187607850929+0.00381688099364274i,0.00303961749207275-0.00217412169784757i,-0.00119810926762832-0.00280402736195611i,-7.32328769798599e-05+0.00169889985249576i,0.000652578350942655-0.000861530190780412i,-0.000605338512722294-7.80937215264263e-05i,0.00107334011207431+0.000747463764156058i,0.000223576123245845-0.000721105387622621i,-0.00115557870246058+0.00105434806562199i,0.000632187314218042+0.000234585996855068i,0.000260155736455471-0.00159645149781217i,-0.00165430208424681+0.000143528440887537i,0.00091641795834752+0.000718794633657995i,-0.00024499775240266-0.000115534980950348i
0.000184859366525888-0.000506418672654704i,-0.000133745245462869+0.000790481361685918i,-0.00035015049753598+0.00028985622460518i,0.000514437570637675-0.00124310873843927i,0.000788322595258278+0.000177816427713573i,9.45525407490615e-05+0.00117188667262782i,-0.000721277332774376+5.26048201714298e-06i,0.000196881524202246-0.00114922267800637i,-0.000411836355106664+0.00090188121983952i,-0.00213477811693243+0.00128070674850901i,-0.00328053357553263-0.0008951699528077i,0.00214317470654215-0.00309743002694438i,0.00224885825188538+0.00148490946286909i,-0.00211475097881057+0.00164994743323976i,-0.00165496665823622-0.00460731651922226i,0.00348351804892127-0.00390678897310704i,0.00160824650829605+0.00207206659980184i,-0.00392008416771508-7.19431002629248e-07i,-0.000773840503041944-0.00173635447045631i,-0.000684388932681571+0.00115907213881217i,-0.0043978693322407-0.00475069784755999i,-0.000484077457620001-0.00869095477951122i,0.0146511405060769-0.00501717792940803i,0.0205384772463104+0.00960090294964545i,0.0228695525792139+0.0141536453682833i,0.0256381366412153+0.0163194357000672i,0.0263736706383366+0.00289160551896788i,0.0205667241829185-0.00745466345184419i,0.0013275939940817-0.0157485546811458i,-0.0096179030085686-0.00440691169231481i,-0.000247185041255284+0.00566886643262056i,0.0037934296700964+0.00221808029798044i,-0.00161727134671474-0.00476662281125135i,-0.00502351272566616+0.00391130012703768i,0.0030983406579978+0.00479491186078127i,0.00139796785308133-0.00532083150737438i,-0.00533716125336976+0.000990968209553033i,0.000801017844475725+0.00426496833539515i,0.00118291614028757-0.00366270266701907i,-0.00248611212992911-0.00207710447737106i,-0.000619829207591793+0.0029714522054173i,0.00145293917438743-7.06064819817054e-05i,4.54390213581825e-06+0.00146991313606887i,-6.02513917598302e-05-4.46199913108465e-05i,0.000441476596832934-0.000491904442918084i,-0.000598489971711225-0.000268513624585832i,0.000692676006611833-0.000210594469941014i,-0.00188535197591291+0.000280198423025822i,-0.000618300119434402+0.000269128170022859i,-9.25361188415501e-05+0.000295122796822081i,3.84089116847061e-05-6.11156219194391e-05i
0.000866702396071975-0.000677062802773326i,-2.65588835425654e-05+0.000133998186562225i,-0.000120248890328456+0.000694109748802545i,-0.000259008164322484+9.1817265574717e-05i,0.000864358086958092+0.000135103056612355i,0.000351523039371991+6.50919701545603e-05i,0.00140451468199269+0.00171258864924338i,-0.000607330010750529+0.000272803073956334i,-0.00199544291986839+0.000210372723227051i,-0.000651834330672354+0.000673051071562842i,-0.00174774827968645-0.000444211220923142i,-0.00253013326698077-0.00337692903207525i,0.00281481105661877-0.00222388309373567i,0.000306484539439813+0.00129770046758962i,-0.00154327213225779-0.00122160456804604i,-0.000956347315525995-0.00382429430130715i,0.00150346413829002-0.00111494357484117i,0.000841571505924864-0.0003543321758399i,0.00185463541988081+0.000645321344118265i,-0.00141995535198951+0.00416035924743855i,-0.00615970617977173-0.00212777999786852i,-0.0067314093843803-0.00575506847293704i,0.00385348110867574-0.0114319205146952i,0.0130103003145748-0.00765151252105402i,0.018474273961817-0.00217223039301893i,0.0179495747786825-0.00423042092221643i,0.0158858975558464-0.00929597666052899i,0.00709021254785373-0.0145509625051065i,-0.00942965903142544-0.010656986045782i,-0.0103846664428944+0.000341237683418785i,0.00020090888844443+0.00587614569743515i,0.00349751987988387+0.000947067849463651i,-0.00108983350656458-0.00170915912834224i,-0.00103737039079015+0.0029816037097595i,0.00367546073799079+0.00100375825078511i,-0.00154729817082476-0.00370366562887479i,-0.00239727287900893+0.00254000576511181i,0.0023281324299087+0.00148868305371498i,-0.000555707753559097-0.00327161793115476i,-0.00353645532495423-0.000400128348760328i,0.000893358454625414+0.00243723353530268i,0.00187405895911332-0.00115818146954946i,-0.0013158970629379+0.000612309328410814i,0.000929878747712265+0.000668492248377218i,0.00112998292535053-0.000713487079396469i,-0.00018791378451526+0.000132516728636334i,0.000384567900734482-2.58113121027542e-05i,5.85409174969903e-05-0.000470201875072636i,0.000510693187905419+0.000643739198197087i,-7.10183486861204e-05-7.89741510919254e-05i,-0.000982560672643679+0.000222656877228237i
-0.00012678109718881-5.67394562112931e-05i,0.000169975689472387+0.000278184800737993i,0.000670781960372383-0.000259799462998265i,0.000371131504699099-0.000689142369151055i,-0.000534164945046776+0.000331720824217064i,-0.000218767696449921+0.000640287904978755i,0.00059439863978659-7.72841043974349e-05i,0.000184705503514953+0.000742592630312451i,-0.0020120095330656+0.000173702303880835i,0.000160290531027393-0.000969936529778039i,-0.000362513532360184-6.8722155624306e-05i,-0.00226456799099865+0.000198491261343057i,-0.00057576265624938-0.00295222533832214i,0.000859323361041127-0.00109529612142385i,-0.00062074034334494+0.00106641061943435i,-0.000242103926501633-0.000237910676609028i,-0.00201053683192755-0.00155090551715589i,-0.00100924698716405-0.00206061558871036i,0.00193600825028767-0.00199128777777096i,0.00452052082810312+0.00165252274237024i,-0.000718562392421206+0.00512976559948852i,-0.00514885735946847+0.00264367453970064i,-0.00597644466121728-0.00281036867087757i,-0.00269862556317974-0.00709836281153008i,-0.000821808304606645-0.00773980958617884i,-0.000462913704216262-0.00944660208476932i,-0.0038351334305565-0.00917391214658544i,-0.00713960530911029-0.00724739409135894i,-0.0107197027638588+0.00282739889724068i,-0.00501920150878041+0.0091911283100334i,0.00634159883426713+0.00473138699625275i,0.00583628571194601-0.00176537609709713i,-0.00240108948474902-0.00242872292198194i,-0.000361789860942697+0.00203630845768589i,0.00195364413327099+0.000318048296549611i,-0.00192505144670496-0.00141157329905373i,-0.000619280226797132+0.000944625152451025i,0.000886486660874887-0.000158813800359714i,-0.00235034612628744-0.000619002050449474i,-0.00189191999662649+0.00147978822287379i,0.00200717949249369+0.00105051387317366i,-0.000177023798546813-0.00152488777246191i,-0.000742486030046694+0.000686767836162522i,0.000966517462960623-0.000140388476756792i,-0.000558738587676718-0.00192348809021518i,-0.00163216235857231+0.00025805221094522i,0.00173722277931587+0.000415958235904043i,-0.000122339197645395-0.000875632158471921i,-0.000570473598323393+0.000721513672602391i,0.000550656148706467-0.000545141707332737i,0.000224454045966545-4.81099952011994e-06i
2.79466740267408e-05-0.00017831880409697i,0.00046893808728622+7.04084158849855e-05i,-0.00026478180427356-0.000204532052864622i,-0.000331617736376818-0.000233274679928526i,0.000705901078473148-0.00032291764852329i,-0.00179307790811163+0.000624965779216144i,7.55656782515679e-05-0.00101931530912985i,0.000132864174115772+0.000475155356476859i,-0.00108232704066176+0.000121322371578795i,-0.000945444241589931-0.000221755960525785i,-0.000354958213687104-0.000541662690208708i,-0.000941269182062534+0.0014383936752824i,-0.00178513800819765-0.00101340940301237i,-0.000405365818808908-0.0018966880858743i,0.0010816793249425+0.00107051519811521i,-0.000745141873391671+0.00176933784432985i,-0.00265151921786129+0.000767723457128367i,-0.00306335162886896-4.29552848782102e-05i,-4.85380323919976e-05-0.00264451872587639i,0.00354607179183318-0.0014410192415966i,0.0036472603510329+0.00136904643816755i,0.000676947855995072+0.00325682515224654i,-0.00309370841196137+0.00333200122145305i,-0.00350724875332383-0.000299635389304529i,-0.00320721181723589-0.000454046648496885i,-0.0030503443604713-0.00230911023429053i,-0.00498587038083336-0.000484143667514636i,-0.00562718607388875+0.00124832144765523i,-0.00413642739478005+0.0065293804133117i,0.00193852988935385+0.00666218999871901i,0.00601265641538227+0.000704631200981738i,0.00258272206665747-0.00532159263061667i,-0.00403083373586823-0.000770926827226361i,-0.00103401393789927+0.00259036472482373i,0.00293590128281811+0.000120540213370337i,-0.00160500543031382-0.00120203224275509i,0.000207492644447592+0.000486070907435094i,-0.000349249043279694-0.000554175795594819i,-0.00189363002694392+0.00044548509151071i,-0.00153829422861447+0.00169876103271491i,0.00177032556092074-0.000322434544600097i,4.13918540268609e-05-0.00227318368268818i,-0.000330434905323851+0.000302513818310944i,0.000784035759705084-0.000473361718128678i,-0.000150796274951085-0.00138853607639773i,0.000102188264314945+0.00114069713613342i,0.00179864260366405-0.000836615115279436i,-0.000636813177293572-0.000496942493833937i,-0.000357059840616356-0.00010687441253064i,2.15045882067825e-05+1.63796952886004e-05i,4.57898434352409e-05+0.0003075213514841i
-0.000151814541682888-0.000400922236997077i,0.000167836911456246+0.000187244891480456i,0.000150863090105768+0.000760623906181633i,-0.000393702157405272+6.45533713982183e-05i,0.000249212856233163-0.000145837558254434i,0.000185324991434864+0.000654813456842778i,-0.000590329083237947-0.00025893881019541i,0.0013363683940871-0.0005961106814143i,-0.00129068619849052+0.00117337240168213i,-0.00123806307798076-6.87777568029293e-05i,-0.000381412823241557-0.00150105977760786i,0.00117369338409763+0.00160492166612752i,0.000744177265538817+0.00189487343860203i,-0.000618815689940456+0.00106356423660734i,0.000172274144011724-0.000697035349223756i,0.000375310162763237-0.000375410609854598i,0.00134295388267707+0.00207669112245331i,-0.00143465116587601+0.00153576253435793i,-0.00188462902907568+8.62945766119321e-05i,-0.000940121234739082-0.00253944829050264i,0.000968620762914841-0.00225590287164487i,0.00160281140230132-0.0004141472798964i,-9.70605512795034e-05-0.000128932997704208i,-0.00099295518757968+5.6593478443901e-05i,-0.00090300912720793-0.000317841000711169i,-0.0021749123199446+3.28095991818828e-05i,-0.00105502580952215+0.00171997854259016i,0.000142914987172563+0.00242228550944569i,0.00235643503296103+0.00311358728240686i,0.00330301453115689-0.000786190007683879i,-0.00138353527195705-0.00503233988327918i,-0.00574057012228316-0.00313956104286376i,-0.00524579671084809+0.00412333783551634i,0.0019152941534236+0.00298785828200318i,0.00317091581840789-0.00117635767862601i,-0.00199738459800196-0.000808917130030568i,-0.000146531175177345+0.000187830194177628i,-0.000275070916916678+0.00105327762879045i,0.000273074349975516+0.000439395321246571i,0.00030138865119061+0.000444274312254156i,8.18312404960417e-05-0.00118857039888157i,-0.000142078982734+8.44934316794911e-05i,0.000140844350758454+0.00117627186108074i,0.000360593031062785-0.000909569477095034i,-0.00127861705147032+4.6110054759032e-05i,0.00121381499963529+0.00185068418644671i,0.000823275236373348-0.000882723064681848i,-0.00141637732638226-4.11958578009144e-05i,0.000482092100429645+0.00105138631119089i,0.000253618665852444-0.000696466850478455i,-9.58756432015515e-05+0.000274989876048161i
-0.000606456676814407-0.000664423563262137i,0.00042327088074526-0.000364868349021653i,0.000697844418759562-0.000180681992591464i,-0.00119461964146318+0.00068610583917304i,-0.000129903277258957-0.0014714857669204i,0.0010081336071402-3.65600105265889e-05i,-0.000389416986966955+0.000750148747205429i,-0.0009916067574483+0.000193389638631497i,0.00141551821679246+0.000783491715227089i,0.000150402958769912+0.00068471647027727i,-0.000648096028996595+0.000187483761237107i,-8.64426376179577e-05+0.00110594530224395i,0.00209114030687174+0.000638800001481431i,0.000475418525669631+0.00110949872869943i,-0.000196353074157218+0.000919427669527702i,-0.00111753882489843-0.00112946305947936i,5.41327961498829e-05-0.000393605593072481i,0.000127178757700512+0.000559127898828209i,-0.000743910615027789+0.000632687168262917i,-0.00067927028519829-0.000419313209772179i,-0.000178870346397368+1.95749282921451e-05i,0.000531020927829899+0.00066044430019962i,-0.00303390690271083+0.00251793459305274i,-0.00331981412334853+0.00150028848877703i,-0.00451385727978121+0.00136481883455998i,-0.00438138291283945+0.000751770581241472i,-0.00282440022107731+0.0022251385733535i,-0.00209274675031114+0.00184423259133556i,2.19177450422456e-05+0.000389101971005535i,-0.000728493920060525-0.000798451953635493i,-0.00278942935028125+0.000511694299522206i,-0.00300072557052132+0.00341252421062814i,0.00160377005619649+0.00426962479553771i,0.00410911429032851-0.000566209015175868i,-0.000923617588739604-0.00216160057529082i,-0.00229696575529952-0.000296822822103788i,-0.000403529011308397+0.0015921811023395i,0.000561514938202006-0.000287277026639471i,-5.49316184516709e-06+0.000446443930320703i,-0.000551689950790146+0.000482429286910183i,-0.000115209050162024+0.000848635667834753i,1.20520841771262e-05+0.000655777594738453i,0.00225343623114372-0.000302153448692873i,-0.000351018545575882-0.00118697100909069i,-0.00100362044714445+5.43409658906842e-05i,-6.35439264241077e-05+0.000261803235520191i,-0.00042760125002655-0.000759265074404809i,-0.000841758666182006+0.000390346634783781i,0.00115259412423923+0.000592085177549298i,-0.000584590810802646-0.000270683495679626i,-0.000614366223373456+0.000462227168597736i
-0.000930058475929131-0.000331878240410773i,0.000334079416467243-0.000933255265865847i,0.000318300063582714-1.11636241763289e-05i,-0.000583124309726633+0.000824633700689215i,-0.000952610306777484-0.000884811897219972i,0.000303201200674326-0.00148747582129331i,0.00104591395079003+0.000879586270479717i,-0.00035083279864743+0.000662892480243216i,0.000795027949967941-0.00068803733878891i,-0.000446260395778559+0.000157125630701901i,-0.000422809498357794+0.000176607889186271i,0.000557652322246118+0.000389228474880319i,0.00173389549143617-0.000275151022446841i,0.00195163364582677+0.000800662219815758i,0.000587974453098244+0.000454848272604766i,-0.000422829128196701-0.000563011402359991i,0.000356522848642748+0.000705787022782102i,0.000839460815776901+0.000381037718285423i,-0.000691745361822432-0.00119182028526706i,0.000328713988148527-0.00198349397701914i,0.000424404280249776-0.00188132062493539i,0.00201839288929637+0.000268124994274184i,0.00331299866024469+0.0032880174776324i,0.00126299729347238+0.00483489549761238i,0.000424299585470414+0.00539290187379106i,0.000199628627507057+0.00576658066115603i,0.00135428635229307+0.00423634074491181i,0.0014087743306931+0.00259381725439967i,0.000614365521058712+7.5678691694774e-05i,0.000661546728396214-0.000846493602494557i,-0.00109107928547141+0.00163584905997066i,-5.34677284155613e-05+0.00317298642152504i,0.00220551625535167-0.000562388276643385i,0.00097520448554752-0.00239964815585619i,-0.00190575706876285-0.00143653273445206i,-0.0003548923203424+0.00190320953835544i,0.00142780110166081+0.000150337230522215i,0.0002781806760406-0.000997880991704465i,-0.000227122643297079+0.000170976565857919i,-0.000505122152156125+0.000718233376949935i,-1.02594877628397e-05-7.68705050670209e-05i,0.000531508816717734-0.00045645184961853i,0.000562261611230744-2.85339944477047e-05i,-0.00142074840057389-0.000163715507725425i,-0.00110959995895654+0.000651430949626225i,5.23690145573833e-05-0.000756388313421997i,6.13103040643941e-05+0.000398410170821552i,-0.000637917652445649+0.001485625209676i,0.00129522366464186-0.000311049685558356i,-0.00102689654367196-0.000894434943093499i,-0.000169450131002595+0.000141184824356197i
-0.000425983957549988+0.000272919770309206i,-0.000500557866414848+0.00016096067871935i,0.000156260247921789-3.36757266303627e-05i,0.000832443863666465-7.43124317029813e-05i,-0.00155509088658294+0.000943966401538884i,-0.000732338323769315-0.000170029817028174i,0.00147534159326477-0.00030891362930643i,-0.000545312570800532+0.00139566289820361i,-0.000215470574072118-0.000243779737255077i,-2.12227181265628e-07-9.63235380726571e-05i,-4.4108660931092e-05+5.05323514620708e-05i,0.000829961557627231-0.00122653864748282i,0.00131272812258085-0.00120566589900795i,0.00227467765104024-0.00128043769672093i,-0.000548792903379823+0.000196321147715712i,0.000422012991473724-0.000337852510867891i,0.0019765106642652+0.000298205005508412i,0.000988348587021451+0.000978165408639415i,-0.00043167683852407+0.00138119373771814i,-0.00440543283077191-0.000790734510973777i,-0.00407085855922785-0.0022598251019775i,-0.00219639631696914-0.00352504027306318i,0.00139422665627318-0.00407770411302357i,0.00392156566108895-0.00224594688696359i,0.00489400599208794-0.00171612800658262i,0.00478623035605125-0.00151080885156902i,0.00358446507622397-0.00208962529858926i,0.00188061807151273-0.00359669260907602i,-0.00082227115771586-0.00241695976133009i,-0.00357834555376644-0.000342498355453764i,-0.000493087879507588+0.000405363347776426i,0.000893794606049367+0.00116045176441933i,-0.000373971516186358+0.000550825107118027i,-6.70236052097008e-05-3.42645179801464e-05i,0.000399537056437957+0.00123281147044518i,0.00163012011165942-0.000407293773476619i,0.000985246408854137-0.00196097960700538i,-0.000823358187812524-0.00169660841383052i,0.00158612506498173+0.00179913851932547i,0.00166930613423582+0.000740817835189402i,0.000444741640316591-0.00106117538776869i,0.000628321770580043-0.00040857190108137i,0.000132036094410264-0.000232344539844887i,-0.000817095996632343+0.000492289554991693i,0.000668520106588555+0.000452901679346584i,0.000247274597492343-0.000576401689569067i,0.00037514230110992+0.00157171395866525i,0.000515583984416967+0.000850872611867915i,0.000546505988678966-0.000790804173404052i,-9.0176321629583e-05+0.000650414692730815i,0.000134758052894644+0.00107595107714786i
-0.000234112451054501-0.00123482210218505i,-9.56820741746113e-05+0.000525351502398255i,-0.001042093944498+0.0012383955547043i,0.000440465382856431-0.000590071026262816i,-6.78751404966918e-05+0.000828919166059122i,-0.000384986183428985-0.00122291775195689i,0.000433322079471909-0.00129077176625016i,0.00072942553217631+0.0007642449173637i,0.000474229844387438+0.000915201210845429i,0.000267829183062577-1.31885802112961e-05i,-0.000282588162909476-0.000548484711289721i,0.000393752061307086-0.0010304214992484i,0.000742931227879127-0.00129898890772964i,0.00064024998045115-0.000732685602859212i,-0.000391549374159996+0.000342208744515747i,-0.000325861467076818+0.000105080216366698i,-0.000527729174902927-0.000534875507759543i,0.0018216492141391-0.000914474913291967i,0.00190913358229671+0.00198073395864414i,-0.000562646068275083+0.00184380019752113i,-0.00249677508239899+0.00254199154607163i,-0.00419031953244943+0.00278077329603339i,-0.00275725406540247-0.000341496731401874i,-0.00226946298507065-0.00260239855892827i,-0.00190855462049611-0.00330154881544268i,-0.00198335453120589-0.00247612537322278i,-0.00298391700107395-0.00250110246052236i,-0.00318100782028594-0.00124291807327045i,-0.00305578047161749+0.000359307706561084i,-0.00275006686713971+0.00274397983862964i,-5.17370362236266e-05+0.00253667720901957i,0.000489598090156566+0.000558250482344298i,0.000169460612284908+0.000709782511864908i,0.00160494862783174+0.00106590103831291i,0.00233108333649455-0.000110067538390697i,0.000520758057485153-0.00225372955409707i,-0.00130250361183258-0.00158564735303214i,-0.000599992472325952+0.000825727781639642i,0.00156946663424941+0.00106506101692819i,0.000996584910516215+0.000231329581236851i,-0.000471621599597175-0.000834111543452633i,-0.000389978281315126+8.65750811486778e-05i,0.00048125608942794+0.000763368104852672i,0.000815645533867105+0.00112908882615362i,-2.39491726823045e-05+0.000413550494467179i,0.000167926643977732-0.00065197556720758i,0.000523687362261501-0.000125100999184215i,-0.000167216026341637-0.000174475231070041i,-0.000364155972016027+0.000191070596364568i,-0.000862937905871793-0.000480483063446047i,0.000443191581397236+0.000273226213045569i
0.00019977050745928-0.000366922220266712i,4.82210192439188e-05+0.000504350621303161i,-0.00094676783900617-0.000533266317816063i,5.35768873528881e-05+2.72978735142214e-05i,0.000713685347076442+0.000335273342485556i,0.000249304896545393-0.000405462035334686i,-0.000380428229404741-0.000268702349861746i,-0.000182386341476485+1.06123815069268e-05i,-0.000113409230475042+0.000478048364396673i,-0.000187586800147039+0.000304439029527202i,-0.00105805574373372+0.000106007809011748i,-0.001442284688493-0.00116355684136906i,-0.000696104049961363-0.00142403604973847i,-0.000347076461524995-0.00120495136286146i,0.00124167912312956+0.000214734751776595i,0.000294017421857913+0.00130851242448509i,-0.00128174301848872+0.000876781235272242i,-0.00114328033594505-0.001320027808142i,0.00133122327231106-0.00157848182558032i,0.00273549767347911+0.00100686394574861i,0.00247666599556693+0.002840712461219i,0.00247107212618656+0.00262792597729079i,0.00193310520478199+0.00254932448659979i,-1.58096985269898e-05+0.0030079593773543i,0.000447708944122071+0.00289281966471168i,-5.73799941597289e-05+0.00312295029834891i,0.000998951176217281+0.00233773969783075i,0.000574024035991175+0.00350963460723332i,0.00309916884768778+0.0031568857304377i,0.00255103039003677+0.00192009304164181i,0.00205655141371209-0.000362954281462135i,0.000934416008661821-0.00106628033459304i,-0.000408318459048717-0.00109927958524098i,0.000374423779141562-0.00102501650066191i,-0.000766964819158749-0.000488016245052773i,-0.000278714906112815-0.000499172323667783i,-0.000847162917739717+0.000974945932661236i,0.00155788810632222+0.00124409260733134i,0.000545144885621209-0.000312023642602319i,-0.000274427658839261-0.000607332739000777i,-0.000376732956040646+0.000924280939819704i,-6.24898909043087e-05+0.000570711980177206i,0.00029416223027312+0.000450257893752026i,-0.000436210302487111+0.000383886488835883i,0.00122569325169278+8.76806284570388e-05i,-0.00132041562686261-0.000571339789441768i,0.000155372497633371-0.000426539725502832i,-1.02187735412698e-05+0.00032857488258901i,-0.00045961297473472-0.000552851278774371i,0.000295057251164852+0.000443700488818384i,0.00019242186950989+0.000196791927711986i
0.000355827828874362-0.00111326417786638i,0.000130703522797092+2.2135671248053e-05i,0.000196679931023097+0.00013467477168955i,0.000932656220678895+0.000204131185844945i,-0.000897792631191906+0.000106262631879809i,-0.000250337775033976+5.54623351714598e-05i,-0.000644661469997985-0.00044660437713407i,-0.000542050844174156-0.0012080454858715i,0.000953561521559236-0.000589394531463774i,0.000517869237789553+0.000357585828066668i,-0.000133818940056344+0.00180556469968043i,0.000140308938417152+0.000361159491090526i,-0.000756165577042949+6.24184339772174e-05i,0.000935308331181524-0.000597002138812243i,0.00137020207373737-0.00142274564072031i,0.00214581214838889-0.000591048254443303i,0.00131760896306993+0.00151895160162876i,4.8651180127703e-05+0.00157324673946664i,-0.00017884170861193+0.00047898816794836i,-0.00110654946252373-0.00108181487279214i,0.000229402619258621-0.00152537744833289i,0.000549138283497294-0.00273684030319575i,0.00113000805740234-0.0029796787648498i,0.00203800247940225-0.0031698621259664i,0.00334698775985648-0.00260465100449279i,0.00303139976236238-0.00159478808676144i,0.00219207692675099-0.00267603927510162i,0.00173979879496662-0.00348269872178729i,0.00212898359642969-0.00281357453713774i,0.000455529249532305-0.00264933864551374i,-0.00118446767325476-0.000164326452250563i,-0.000747604136338014+0.000240653674196843i,0.000936612008721176+0.00029644010019552i,0.000255196096628498+0.000200770879712544i,0.000179667047275299-0.000376549097960554i,-0.000283308708424979+0.000564933093453732i,0.00083563584253592+0.000324120330184733i,0.000267066343414952-0.000630768273642391i,0.000290012943361545-0.000291378074343974i,0.000392918939205634-0.000290121328584603i,0.000295095203744069+0.000229321841779235i,-0.000645573351943452-0.000733784581231794i,-0.000350109164854731-0.000571402618317997i,0.000729787340690331-0.000891057379575907i,0.00127337707334718-5.60679133656886e-05i,-0.00027200415940401+0.000709004532952769i,0.000424522110762779+0.000261247857686133i,3.85315919920865e-05-0.000547592784030475i,0.000360511234312858+0.000821605874125406i,0.00127140116103778-0.000307040644591823i,0.000318783688142555-0.00030597314780005i
-0.000620434245084835+0.000301547473085694i,-0.000250214083636352-0.000680877834211799i,-0.000264320783406093-0.000809914842714006i,-0.000544977671521556-0.000389507920434507i,0.000365912298557981-0.00017556604517505i,0.000341357424399927+0.000931850278202183i,-0.000894458280996744-0.000191577075444199i,-0.000501579515145375+0.000309869729880814i,0.000405710445963187-0.000315094630348413i,-0.000323931929483986+3.80143438727942e-05i,-0.000458667612908512+0.000444613336153445i,-0.000860756161995922+0.000824599480962185i,-0.000858525147014438+0.000788537479943566i,-0.000607773671775625+0.00100099958155697i,-0.0018507454992373-0.00106678542602334i,0.000110035173045958-0.00140589265885548i,3.31278047846753e-05-0.00124853589263902i,0.0016765892633438-0.000451831474168503i,0.00241473412549826-0.000154621451779012i,0.00122498190000787+0.00175870106727246i,-0.000593815850408505+0.00187529450801056i,-0.00197029296057313+0.00130053499963294i,-0.00299238376076947+0.000453916395952007i,-0.00386589002471443-0.000792098079945124i,-0.00319980316459063-0.00131679095544074i,-0.00301690317889601-0.00147252392121611i,-0.00419005755868352-0.00114029200961747i,-0.00340387840015177+0.000710489324616869i,-0.00291620918808169+0.000889600974018081i,-0.00128620797164423+0.0010794680279915i,0.00128423511937774+0.0012210302008262i,0.00128811091237854+0.00167500300537891i,0.00118720632793244+0.000134698311655058i,0.00120169543488272-0.000875758324568223i,-0.000142535073202799-0.000449570857895305i,-0.000418203083169354+0.000187559866763i,0.000410580140830207-0.000422807644617694i,-0.000125368621378406-0.00076177403364141i,-0.000300205739817606+0.000112578664956065i,0.000315055238133851+0.000342420330319205i,-3.30022165062269e-05-0.000915866745291518i,-0.000592637506375707-0.000686605511013974i,-0.000330748500877528+0.000964226877895464i,-2.4983422395045e-05+0.000280762067023009i,-3.62703123850659e-05-5.63282218171404e-05i,0.000315855849259431-4.29975484839848e-05i,0.000944710217207457-8.7989835669623e-05i,0.000692992122800738-0.000247953671391942i,-1.58504291982154e-05-0.000385526745168444i,0.000139167981832015-0.00116839385313934i,0.000311863124591196-0.000808923863683253i
-2.03876833538133e-06+0.000789640941257i,-0.000392479394019459+0.000975495554227007i,-0.00067240561946607-8.65456783437325e-05i,-0.000771007846157301-0.000973493951130774i,-0.000249462539467264-0.000235464803057671i,-0.000114467192465548+0.000101572032952427i,0.00111921134831837-0.000250830181058505i,-0.000245462370912865+0.000626497727362197i,-0.000161920068799735-3.60900881908919e-05i,0.000212628807970451-0.000206386343595275i,0.000497432103886723-0.000573503221435107i,-1.17592458593016e-05+0.00123199514516432i,0.000160858763566835+0.000541340426052134i,0.00099056544915471-0.000394957446486142i,-0.000110979268377875+0.000603035077926938i,-0.000388322942063279+0.000541863356367601i,-0.00140451373087364+0.000147485594723345i,-0.0028599555592109-0.000848775483411887i,-0.000591068071470366-0.00300465125522851i,0.00289118612306064-0.00251581354541219i,0.00233837963286762-0.000998349146393614i,0.00200223914596428-0.000637161755640274i,0.00230016617444363+0.002855188405757i,0.000488676498311068+0.00274161389607083i,-0.000387639151855894+0.0024940988075881i,-0.000418131706476036+0.00224466331037616i,0.00133830962685339+0.00173235287304964i,0.00156267665416714+0.00200459543895145i,0.00251300507993091+0.00184798283513732i,0.00210331683633776-0.000582752906246673i,0.00177462892894578-0.00250529167643566i,-0.000135578112923253-0.00236334440747215i,-0.000662042567932867-0.00109730477700397i,-0.00128619793457071+0.000306253062685665i,-0.00160687467916382+0.000318138473552692i,0.000372337305554697+0.000212418118102067i,0.000873099288347236+0.000812982855618204i,0.000219779132526814+0.000376211380588805i,0.000273437915790357-7.66055808885963e-05i,-0.000567027958431122-0.000180077006338192i,-0.00116233690683789-0.000943968062242539i,4.26757172666149e-05+0.00196667354467784i,0.00113342231065212+0.000810898842988635i,0.000184306334179575-0.000951278976658875i,0.000228387233555344-0.000830338365519084i,0.000548555464115256+0.000497231046102303i,0.000197548000348721-0.000457498984803494i,-0.000170770653052246+8.77667234914955e-05i,-0.000905211346543511+0.000593353802903457i,0.000512646951198885+0.00115120824186164i,-1.67979226786082e-05-0.000244389498480027i
0.00080858214099241-0.000426764610696463i,0.000103465798301883-0.000372323386972121i,-0.000444719034759703+0.000407893734865268i,-0.000629808626165185-0.000400629813280398i,-0.000392311124533115-0.000177695138733715i,9.4600027746936e-05-8.11836810281665e-05i,0.000176458427566921-6.14233391008733e-05i,-0.00068790595608773+0.00142068569023279i,-0.000149820002385224-0.000155459707366667i,0.000612720491011677-0.000810754670149754i,-0.000499518612558782-0.00103287671542121i,0.00154352968440011+0.000903052381450266i,-0.000693301411738852+0.00118842953709126i,0.000560879314203385-0.000429301253013399i,0.000382115279771017-0.000483032587544699i,0.00125524142627881+0.000107850039142489i,0.00133871806109596+0.00122005570098274i,-0.00140591543644062+0.00154422848446753i,-0.00222965552104513+0.000178913183406727i,-0.00129009686889284-0.0017117812606422i,-0.000927802999824866-0.00235097784883028i,0.000344162509831561-0.00304062336870635i,0.00135341863540177-0.00215443416656405i,0.00167033883724141-0.000743195233568692i,0.00192453336220507-0.000258797669479205i,0.00230864048653805-0.000925168481644436i,0.00150186438935322-0.00102289712891216i,0.00115827391880568-0.00141768379516515i,0.00152161496311948-0.00227489072302397i,0.000126211005669934-0.0025051692751985i,-0.00139539283885099-0.00228971323635751i,-0.00255355682587486-0.000753130909911946i,-0.00166405367220884+0.00102106878024854i,-0.000612158024019047+0.00178498930653682i,0.000152445311358128+0.0011789627546434i,0.000552188446019262+0.000219054385544206i,0.000586724440945738-0.00106419550642441i,0.000357289450420527-0.000526609698503297i,-0.000743821380226748-0.00134855507324176i,-0.000834240339452891-0.000821173988369327i,-0.0017701320087009+0.000926951486979508i,0.00084153522193003+0.00083560847818316i,0.00048908591110586-0.00038617084124028i,-0.000229564404777622-0.000450993708171206i,0.00017832005680666+0.000110406157604096i,0.00058606979112142+0.000327518970668316i,-0.000796030376647383+0.000125550309611334i,-0.000403382164681714+0.000259786955824869i,2.51605744742032e-05+0.000197318506979396i,2.05958133183648e-05+0.000102241896746784i,-0.000493232988198384+0.00052455707383323i
-0.000381370155331457+0.000738422047337861i,0.000323817314418126+0.000126417113009376i,0.000970290562497561+0.000880817654728676i,-0.000229204304705138+0.000859547120809619i,-0.00159307240258299-0.000869396277905405i,-0.000809027913294269-0.000101877668535905i,0.000286459918556098-0.000607426592286859i,-0.000381669705906166-0.000204505910100892i,0.000259056057309749+0.00125459562003931i,-0.000588833432176429+0.000873026269564158i,5.49589243647092e-05-0.000860461631053112i,0.00058839356911671-0.000100348939222675i,1.81724892671832e-05+7.527381532018e-05i,0.000131046048243669+0.00126187290642256i,-0.0013247775540363+0.000644368189733755i,-0.00155415663522383-0.00158259536066573i,0.000998026782393109-0.00108068188035796i,0.00303382925757814-0.00106956346397703i,0.00116784610337762+0.00105666839736012i,-0.000729364710687995+0.002532369900359i,-0.000952994157911817+0.00204648765465848i,-0.00113796612492862+0.00141451799765671i,-0.00125346566446621-0.000158261930641863i,-0.00159087535112164-0.000710438285367639i,-0.000110712935487376-0.000762459759099585i,-0.00126400771769222-0.000723566727788356i,-0.0011378441268598+9.33444421969771e-05i,-0.000639025543590261-4.82952985607025e-05i,-0.00183303352536993+0.00134868453821434i,-0.000552969251261961+0.000939768380521285i,0.000232306855888817+0.00229778107403004i,0.000786816833525591+0.00231793560641993i,0.00170602152967608+0.000542362389722458i,0.00122823088230009-0.000261750455864115i,0.000432437134497079-0.000844394853812224i,0.000604832700001507-0.00142998868606479i,-0.000487495871762638-0.000635063031283555i,-0.00107144488337607-0.000785911918899192i,-0.00109896892103662+0.000400500014722074i,-0.00089556118843711+0.000824875395024952i,0.000218939879648498+0.00100245113343559i,-1.54871616792871e-05-0.000100560080274059i,-0.002102994998227-0.000642972672157466i,-0.000566834454375031+0.000569887595639101i,0.000868894872794581+0.00103812419400577i,0.000263220413715675-0.00105025010411452i,0.00132181678015195+0.000182399724142273i,0.000167749713209383-0.000414887153641537i,-0.00111352061576031+6.27392727681545e-05i,0.000296750512835313+0.000901979803123277i,0.000984992102417002-0.000223565375619572i
0.000591756733595574+0.00026012164041651i,8.93993654266901e-05+8.07556073955437e-05i,-0.000713925721233262-0.00060343426334457i,0.000480501929624741-0.000405066452800673i,-7.46364629829412e-05+0.000326489475998841i,-0.000972138900434229+0.00053921941754791i,1.1953738169307e-05-0.000384254205658884i,0.000560237456869805-0.00102050601582798i,0.000991372023082783+0.000689908250842446i,-0.00083724887730037+0.000888401228236884i,-0.000629378569586596+0.000465223740825036i,-0.00124371068894186-0.00216624201966995i,0.000584769741952347-0.00174826717765483i,0.00228404806593165-0.000239945808445334i,0.000515754686597403+0.00241098798452152i,-0.0017355949656321+0.00123694974166605i,-0.00306018801573715-0.000913615891063515i,-0.00198156513951836-0.00162926585418043i,0.00119246033549837-0.00253577125163593i,0.00274678705194546-0.00148091347372927i,0.00260624883596217-1.56390409453224e-05i,0.00309185120129924+0.000772185252583236i,0.00170724884052211+0.000289520540625547i,0.00182703298755729+0.00090004000243709i,0.00231312736528825+0.00156750410311475i,0.00125931020529489+0.000852223810111124i,0.00199362411897294+0.00139799701354273i,0.00193181818761919+0.000354493126944459i,0.00135784991610603+0.000535712095798771i,0.0022623816218553+0.000122584649074669i,0.00212083565736115-0.000843618398695043i,0.000420974935514741-0.0014042820811563i,0.000205465325514551-0.00167314108656787i,-0.000874698791399766-0.00208739624630221i,-0.00135466587141857-0.000485982287244666i,-0.00106751117669751+0.000246997458533529i,-0.000808069220319283+0.000198268548319574i,-0.000151900672613651+0.000854799860940531i,-0.000777108245340878+0.000412139798941889i,0.000364920591817488-0.00030280752544478i,2.94517796656368e-05-2.24684129806536e-06i,-0.000280261777409906+0.000231532484940439i,0.000723061060828223+0.00133813632171267i,0.000907525074213177+0.000361719697380537i,0.000770780734725524-5.26553272552368e-05i,2.44177167008777e-05-0.000184607968087192i,-0.000456168872779593+1.59320834858652e-05i,-0.000171386871832788-4.80737669237398e-05i,-0.000285670056161355-0.000922828875742935i,4.11746337324836e-05+0.000107537358457169i,0.000352290807059746+0.000257132444714998i
0.000743784592335762+0.00033610699989789i,0.000823656324728542+1.07474426219405e-05i,0.000599429735634022-0.000618777534381401i,-0.000646053306911622-8.49174434718046e-05i,5.78855238953988e-05+0.00011866356518011i,-0.000852899233148602+0.000778829716491232i,-0.00118944295025291+3.06456484281692e-05i,-0.000737637711988127-0.000707345036071147i,0.000416595258643246-0.000157660692288869i,0.000934749306047582+0.000854575825711046i,-0.0010682587758928+0.00102957733625483i,-0.000898748064379189-0.000384011812734421i,-0.00104135329946948-0.00206106494250389i,-0.000280927652301894-0.00156569659157144i,0.00164774600132008+3.31253928225629e-05i,0.00119464944790412+0.000490583111650603i,0.000312063421546213+0.00159290474526525i,-0.0023825201153879+0.00128228058590158i,-0.00207926274556987-6.3809118435467e-05i,-0.00261375796198073-0.00143183738895105i,-0.00118755468768237-0.00107251127879184i,0.000935573108874359-0.00162934478654031i,-0.000183111220846415-0.00333261495052668i,0.000320077381678127-0.00376766669766439i,0.000131730856891477-0.00204713515848548i,0.000952355712058464-0.00155717110487902i,-0.000339437850195338-0.00245546346686576i,0.000223926857718822-0.00224911900059804i,-0.000484487529096052-0.00225449158281927i,-0.000866024259014135-0.00290093834567933i,-0.000612361821195161-0.000905833580556202i,-0.00152967372732956-0.000231350864317835i,-0.00218994208779741+9.33278125177117e-05i,-0.00151760682588167+0.00121511952043855i,-0.000613506693755651+0.000283188590559045i,0.00132316292781971+0.000913490161715063i,0.000239850174602788-0.000199696269166907i,-0.000988188499293062+0.000412363434490197i,-0.0001892612047481-8.61868927273536e-05i,0.000565760979276331-2.48588808750381e-05i,-0.000738305021840469+4.62577434635951e-05i,-0.000614815142296911+0.00047854562080969i,0.00141140750320588+0.00115031276940445i,0.000738753000349554-0.000550627230042186i,-0.000527758776837273-7.14957645529385e-05i,-0.000496645428508874+0.000489133661866348i,-0.000180026183633625+0.000107556797242564i,0.000611044874001007-0.00108703357061342i,-0.000114155872987277+0.000338777110221275i,-0.000278384648701809-8.00948746784244e-05i,0.000229934633430483-0.000182756456583063i
0.000297467522194615+0.000165482393589908i,0.000838078350632109+0.000326825845607078i,-0.000198072379859027+1.60847022443597e-05i,0.000248004339407232-0.000373186437998568i,-0.000141537133494188+3.9016960463378e-05i,0.00049676956371378+0.00111331844879953i,-9.69517184762775e-05+0.000359437631151668i,1.30456468800471e-05+0.00102893964884517i,-0.00142645180519746+0.000206616555947231i,-0.000610284286306003-0.00107811416445924i,-0.000659616084445667-0.000835199239127192i,0.000935248031577694+0.000596002975123977i,-0.000703550470570475+0.00175271811553697i,-0.00151269370514924+0.0016911031693714i,-0.001399234143109-0.00113993100528874i,-0.000346483670999738-0.00162842194551841i,0.00121534904569992-0.00102603549595342i,0.0019747031721624+0.000467147644312656i,0.000291756841902262+0.00215531595039896i,-0.000878194561286405+0.00136611993290044i,-0.000485550393015836+0.00173689609378501i,-0.0017078340622403+0.0011370467513679i,-0.00211110788600047+0.00105950888059686i,-0.00221742282869639+0.00172371392561559i,-0.00298138548575191+0.000725369918285551i,-0.00145057801125202+0.000829014407522634i,-0.00284361385855691+0.00129586907461695i,-0.0030733218400153+0.00176699689154225i,-0.00186552028399007+0.0010113541060724i,-0.000660252536240344+0.00159152387818152i,-0.000404065566970732+0.000879753278785715i,0.000586973526849739+0.000922128660186306i,0.00133686863579466+0.000793623065985316i,0.00121150395502301-0.000989248021348112i,0.000662422113138152-0.000982428583236422i,8.66061721779417e-05-0.000735518505746011i,-0.000292765708734554-0.00011337591484413i,-0.000745078943510305-8.07586289654477e-05i,0.000579713900027774-0.000815699537224827i,-0.000197754099115635-0.000134973735209044i,0.00023143075689729-0.000209306112286579i,0.000640401378352475+0.000162813524254858i,0.000722967731149195-0.000488738116965857i,0.000149223465440423-0.00106294155780644i,-0.000481992314392887-0.000681710974844716i,0.00040001449893832+0.000410840299471653i,0.00022283813762676+0.000849253990766483i,-0.000848896629325431-0.000777207636312711i,1.14230429909627e-05+0.00121286999892367i,-2.24039038757344e-05+0.000823568662955116i,0.000318815652044858-0.000260251997263807i
-0.000524537887543378+0.00023620549066158i,-0.000637562859607927-4.138594740681e-05i,-0.000313073188308726-4.96302048123839e-05i,0.000167285409064753-2.96398349027591e-05i,-0.000615478518578354+0.000675610655754769i,-0.00059192265378305-0.000173230831153883i,-0.000718767461637332+0.000259916308282966i,0.000100752374043251+4.36577960289052e-05i,-8.21422107305851e-05+0.000789397055897824i,0.000176245946942751+7.56720587284937e-05i,-0.00197872501435348-0.000746540470924358i,0.000934090350606124-0.00146852360572044i,0.00115776786584993-0.000443787922395607i,0.000619480106956699+0.00158400355987004i,-0.000777875315151568+0.00103480723519465i,-0.00160724186361018+0.000439224065966378i,-0.00140968447206091-0.00107224288165178i,0.000694066454865083-0.00112803113855115i,0.00193241468416864-0.00123242210569756i,0.00129279374662241-0.000675694478663444i,0.00151770974553557-0.000653231408445518i,0.00210395973325761+0.00107034451593654i,0.00144144910808673+0.00121702948834575i,0.00161828077869519+0.00189878053623549i,0.00185689675692823+0.00126691851667109i,0.00144195907442662+0.000895393516586614i,0.000427315410694234+0.00205167857258595i,0.000593441780891868+0.00206240769033987i,0.00208255432567341+0.000633786638533008i,0.00180227050827078+0.000269720823471813i,0.00143497065225891-0.000985125854189499i,0.00127996894734164-0.00204104382963936i,-0.000260620311854672-0.00181788348961178i,-0.000907410116565771-0.00151751253716653i,-0.00135187008466547-0.000119298917484151i,-0.000594810080777217+0.00106528640675053i,-0.000160024801718328+0.00132556413567295i,0.00070769033962662+0.000697573569095414i,0.000969277621230694-0.000156484963577811i,0.00023124270170455-0.00034432491373726i,-0.000489685961056882-8.11414783340414e-06i,-0.00020113393997421+0.000653733076466353i,0.000458273889441707-3.43278614488921e-05i,-5.89660371556068e-05-0.000473224550705194i,-0.000593035903517469+0.000250840072952944i,0.00110443219765133+6.97873781603891e-05i,0.000564710629198002-0.000537659046727027i,-0.000138469808740744-0.000311040205147726i,0.000674240692181684+0.000884878815640184i,0.000304486786602726+0.000844445638890604i,0.000548899654473657-0.000134532557146931i
0.00119643221420066+0.000379575477087591i,0.00059045835763278-9.09303718694155e-05i,-0.000232518206854372+0.000671552969357361i,0.000660055673151566+0.000359005167327075i,0.000454486742922784+0.000341874157730409i,0.00127970417645522+0.00156929989807949i,-0.000695075558053295+0.00150551572621191i,0.000625763835657243-0.000713894048763982i,0.000586306233733995+4.43639599535333e-05i,0.000986391396513849+0.000310354894268856i,0.000736990188526468+0.00160357948660695i,-0.000430932613296661-0.000100591120631821i,-0.000978799690198418+0.000703634395460828i,-0.00135474608422901-0.00183796358861757i,0.00187612770667244-0.000307774010782861i,0.00272709759562186-0.000265127771421506i,0.00129240729867129+0.00121629826348161i,-0.000918650694975736+0.00189014840454748i,-0.00185654040639348+0.00206670747373927i,-0.000902655850028612+0.000394734772858423i,-0.00129676784050925+0.000201226326563812i,-0.00254001122761436-0.00179246991553606i,-0.00107810684690168-0.00105621718550281i,-0.00188994653239669-0.00196197775177766i,-0.00124178800275282-0.0027923709145494i,-0.000881483146885691-0.00193587480269682i,5.44340339761804e-05-0.00132245654458443i,-1.85496793613339e-06-0.00163566818080147i,-0.00150587039032642-0.00253752330047556i,-0.00111585131126754-0.00135035648842662i,-0.00339664362545782+0.00107905159707084i,-0.00191242219228047+0.00134026273844491i,-0.000368466952313943+0.00281700192822607i,-0.000632854930843341+0.00123382781695992i,0.00209965112558447+0.00120632660844324i,0.00187287475187106-0.00050275404248988i,0.00165619793799359-0.00222388137658763i,-0.000461115421303442-0.00183945452508769i,-0.000668115326408429+0.000201958669812658i,-0.00129680454923089+0.000885181691994517i,0.000526574273387562-6.16287496129854e-05i,0.00103281879209523-0.000567372554563139i,-0.000189793073073391-0.000130288245101986i,-0.000763246290027937+0.00054533241122492i,0.000508026236931573-0.000436055676502796i,0.000311120226608921-0.00120294563064408i,0.000894484942082878+8.1607632435337e-05i,-0.000952989761305134-0.00121032586583258i,0.000875193201494176+0.00087745783568455i,0.000469574756982667+0.000144825281347892i,-0.00060281241912318+0.000347674307185809i
