-0.000563357883597589+0.000617307163066835i,-0.000252276358828662-0.000197791092503024i,5.52881690264054e-05-0.000203634555034114i,-0.00031970440494816+0.000164210211010893i,0.000271676187289944+7.33520405424749e-05i,-0.000579143639239908-8.04041447193824e-06i,-0.000184198371791382-0.000246411759281694i,0.000385583201275727+0.000277170643677825i,-0.00023134904289998-0.000496252203071315i,0.000680537871039696-0.000763679474846898i,0.000516646265793731+0.000166247107342064i,0.00100227483323744+0.000805787655907124i,-0.000579981237652404+8.41311226388593e-05i,-0.000739753376943609+0.000461167947644114i,-0.000384741515374172-0.000427694091244321i,-0.00074495336669855-0.000317519322615339i,-0.000437557080741953-0.000614631754707489i,0.000623159804452811+0.000424874741006406i,-0.000303912213738186+0.00122665802318256i,-0.000269416470701598+0.000303991404363625i,-0.000205975865528297-0.00070112322614839i,5.6409833275649e-05+0.000319897687285357i,0.000356818850117552+0.000308472212996754i,-0.000360461144331228-8.98416573380772e-05i,0.000507879683249685-0.000349431376611108i,0.000266705844883548-0.000292783755591218i,3.51517685428093e-05-0.000278181249940465i,-0.000314801047807809+0.000615317000180667i,0.000593836538174157+0.000564037248984328i,2.04119308469376e-05+0.000576854668505654i,0.000632448613402413-0.000264640966791841i,-0.00020955219738236+0.00033549281374792i,0.000354268858624443+0.000253719395176295i,0.00026593928069295+0.000617295291928412i,8.29145016737067e-06+0.000115654332530288i,-0.000224616424128527-0.00123129820765172i,0.000883083570906378+0.000586822657706625i,0.000379260490058346-0.00117393871810494i,-0.000203835975751381-6.74142098724051e-06i,-0.000107093652041421+0.000236164842430793i,-0.000677832424299042-0.000105909999337298i,-4.85261666654669e-05+0.000953650241071951i,0.000699750168962663-0.00114435824873148i,-3.73359480932158e-05+0.00011778788834498i,-0.000602742078727134-0.000395129467150025i,5.04923723350056e-06+0.00090551426802203i,0.00141808126892328+0.000652774159976905i,0.000615997869240771-0.00101662299653746i,-0.000746913687311295-0.00103529558014408i,-0.000720651558489749+0.000361414535871068i,0.000185430543652416+0.000125072294747682i
-0.000733908274426792-0.00125518796999221i,0.000256622728654296-0.000598560976615989i,0.00048790095414601+2.59069901266976e-05i,-0.000426462847408384+0.000698637744237656i,-0.000261511608531263-0.000412646332338367i,-0.000655076461650797-0.000264877685515747i,-0.0008857842547115+0.00157119650037552i,-0.000234558596610862-0.000926424592640951i,0.000703637028331155-0.000826477330628161i,-8.85102060804235e-06+0.000731197313669719i,5.83036487619731e-05+0.00159352283944726i,-0.000362349935719956+9.98986649115906e-05i,-0.00163276903704513-0.000405432418366381i,0.000224248409018945-0.00105981353090254i,0.00078320735939338-0.000362554745964318i,0.000527942823963158-0.00075793613012424i,0.000649173491901985-0.00019481000016698i,-0.000174755439009237+0.000769205007293436i,-0.000976634340205991+0.00106397026233161i,0.000347473471533209+9.3512058013366e-05i,6.67536396501586e-05-0.000374811152916809i,0.000631655615628645-0.000397023045436859i,-0.000840974695222321+0.000148102280148746i,-0.000564297608770951+0.000929425722479432i,0.00026473479753362+0.000488216399965647i,-0.000500191343353887-0.000416978483861173i,-0.000412837792711692+0.000147140452950184i,-0.00149467715209314-0.000505278874919099i,0.00049405651519465+0.000174791183946985i,-1.60994916139915e-05-3.28493080273808e-05i,-0.00117219293016832-0.000479990488870925i,-0.000535641020490938-0.000852578746202723i,0.000589652781669356+0.000283194476903964i,-0.000138884081136621+0.000856086555578598i,0.000357172737829676+0.00136483305120443i,0.00023989651779445-0.000866997304642568i,-0.00048442868804349+8.22105738984739e-05i,0.00028751007026198+0.000224731871342378i,-5.59124575352076e-05+0.000545515686703652i,0.000397701647778152+5.7480730964152e-05i,-0.000845538622735099-0.000235410121052149i,-0.00112282575540315-0.000326887357181603i,-4.12218654384494e-05+0.000850977914807259i,0.000620033400108612+0.000521961364896617i,-0.000250140872260162-0.00114271463200738i,-0.00094325994082309-6.84494672279954e-05i,-2.67812439999866e-05+0.00155331614801485i,0.00177094633584177+0.000513009785561669i,0.000343188098818045-0.00134790578574586i,8.2049207427399e-05+0.000452959596376977i,0.000124066559820383+0.000372740175531055i
-0.000466686191575335-0.000235622347094598i,0.000443657353182174+0.000402425243224062i,0.000706209228362267+0.000545847083039661i,1.57833369944785e-06-6.61263882729312e-05i,1.75087247590888e-05-0.000313113551090716i,0.000854635495073453+9.22820161296526e-05i,-0.000167960685365646+0.000388630678525372i,0.000138852327384352+0.000101198224776947i,0.000547581534569342+0.00012341369102342i,-0.000843328864734215+0.00187693267758769i,-0.00105430434347103+0.000341229316894831i,-0.00022381534500729-0.000853084499626275i,0.000864798373772301-0.000686988934488625i,0.0004151084328653-0.000416192500903518i,0.000193474765744454+0.000364673412980117i,-0.000606279770422399+0.00023353525284865i,-0.000255210651542811-0.000923165578454481i,5.87305855065482e-05+9.31320885044494e-05i,0.000679941101350327-1.27791041057171e-05i,0.00038734579317878+0.000144630565094022i,0.000486804450513018+0.000436027238327331i,3.89798053692457e-05+0.000537623481309206i,-0.000542333184293398+0.000151953067397909i,-0.00102719865708228-0.000934643384246267i,-0.000542516046592511+3.2647489377574e-05i,-0.000483135200225542-0.000463710979508603i,-0.000477132046747815+3.8829411508949e-05i,-8.70315361425738e-05-3.47365765430838e-05i,0.000371428777614182-0.000318799858180934i,-0.000272214119597224-0.000638318433893274i,-0.000347880044472367-0.000106939929750559i,-2.2123036569419e-05-9.91205386229655e-05i,-0.000384035756131589+0.000188182730007653i,-0.000938877302964338+0.000277921300831174i,0.000100098110357506-0.000436888362944147i,0.000533605883866649+0.000317956355602476i,-0.000140434166662259+0.000138104525784779i,-0.000286630035781207+0.000472850481194535i,-0.000297433556314687+0.00084167879183328i,0.000179844185592141+0.000667880747432019i,0.00122634425709966-0.000306507922950252i,3.72946707349541e-05-0.00125588440270281i,-0.000665621214855995-3.16078465663016e-05i,0.000302997010983115+0.000506213313394202i,-0.000515358724219598+0.00073446903324971i,-0.000363419272472887+0.000169414066713022i,-0.000779654271165391-5.52010153037527e-05i,3.61149928072496e-05-0.000112723190741993i,0.000675686345482163+0.000680261512016251i,0.000375625332105307-0.000280718394196597i,3.82227376601447e-05-0.000445320518667213i
0.000236071282438471+0.000147452512490213i,-0.000674212441249714+0.000361782824852618i,-0.000836713723233262-0.000252362760343613i,0.000259540267774642-0.00084729515606103i,0.000397256700961544-5.73255611868219e-05i,0.000325633364477008+0.000708086158940625i,-0.000496334140173014+3.69414365692575e-05i,0.000867025096408865+0.000522240418604864i,-0.00061029329553708+0.000683026933336087i,-0.0014413478588368+0.000312960498379831i,-0.000713595833858884-0.000258792952856326i,0.0011280170154004-4.41675251683065e-06i,0.00067582105002011+0.0010909372205634i,-0.00132075934036793+0.0012632950217102i,-0.00128656972371963-0.000612246807832143i,-0.000655702385199395-0.000305987476759208i,0.000509350072575435+0.000263624218626692i,-5.60041398823049e-05+0.000642782857178781i,-0.000517672580588983+9.83977375593342e-05i,-0.000460916308431635+0.000851282851765997i,1.14294855399166e-06-0.000949312215142214i,-0.00068936865716205+0.000222117494614062i,0.000280489287331814-0.000966580990030542i,-3.61849595898689e-05+0.000257818958750042i,0.000450998053986301+0.000591612242898443i,-9.40794117198288e-05+0.00016794340984402i,0.00018990705306433-0.000602910276619059i,-0.000621069828488701-0.000223691416115274i,-8.03706774916876e-05+0.000753250302980649i,-0.000320351718977497+0.000731646192639395i,-0.000428786960738247+0.000690678882024395i,-0.000548004601541083+0.000467766455831552i,0.000761997207138656-0.000497231976137354i,-0.000586960011864694-0.00104465045869459i,-0.000879030009531368-0.00070790325454594i,-1.8627493453075e-07+0.000788623922737183i,0.000371536452631723+0.00038622520954434i,0.000227869449177044-0.000545116393862576i,-0.000548465352956799-0.000558840077691187i,-0.000393433186782132+0.000369836252855886i,0.000186970423934091+0.000741847481141447i,0.000617116211963125+0.00021974371323241i,-5.49541300933693e-05-0.000433085833600091i,-0.000719643132805232+0.000139014280570114i,0.000511614037533863+0.000912071615613396i,0.000728483003197813-0.000341392783639745i,-0.00011825800398373+0.000333006643720087i,-0.00127399887753146-0.00022589432838277i,-0.00043605997156827+0.000169550217768239i,-0.000811692246750867+0.000875734872618446i,-0.000530234527270529+3.19352575363517e-05i
-0.000670063414591686+0.000932655217776651i,-0.000652219497900098+0.00066269657605615i,-0.000229744814524707-0.000582941698944815i,-0.000200444444631247-7.37281876919987e-05i,0.000685309265307415+0.000628394342541675i,-7.45766945481303e-05+1.12719183567711e-05i,-1.57287792815406e-06-0.000369598316697438i,-0.00159952536203485+0.000481063549219879i,6.86982817375605e-05-5.34605117617767e-06i,0.000479700934728546-0.000308929106146534i,0.000408320641465708-0.000105148796389772i,0.000276470071808347+0.00104448106110574i,-0.00213956499327055-0.000736266106931349i,-0.00151019868074239-0.00162665377260856i,0.000502961984644788-0.00133441047932635i,0.000678920745593483-0.000125649438691924i,-0.000564183198472547+0.00067458685720059i,-0.0010846274310106+0.0012783409270177i,-0.000924168471261285+0.000584675197342958i,-0.000805860348014591-0.000304728236395414i,0.000111111788776383+8.92738349156483e-05i,0.000212799246160296-0.00158698168593914i,0.000599261745625521+0.000335614378293404i,0.000269642799534032+8.4252666610246e-05i,0.000295862894524614+0.000892286050418574i,0.00104207950769057+0.00122194918126403i,0.000650793461191772-4.77223465222612e-05i,0.000527125089368821-0.000757851559183623i,-0.000411556998669907-0.000111732416728935i,0.000926059516243857-4.04714410097496e-06i,-0.000960476983142444-0.000430470069001091i,-0.000827262656047209-0.000125522817569644i,4.48247661330996e-05+0.000950323240397834i,0.000206745449553133-0.000535677337913685i,9.32043945222732e-06-1.87266614508363e-06i,-0.000280332069367598-0.00117961107508417i,-0.00102468392414709+0.000556991841684723i,-3.71873167762896e-05+0.000372735506876058i,9.97937292709233e-05-0.00032484683415502i,-0.000271159320363931+0.000279245162286175i,-0.00152915160305793-0.000128804071564401i,-0.000868583640258362+0.000355866808572684i,0.000723209555969314+0.000425215917921093i,0.000677261069162633-0.000286077216619806i,0.000135411435584082+0.000423108256768095i,0.000322883231323493+0.000772592717730683i,0.000569807524049602-0.000186109980517201i,0.000795200264634808-0.00109208200524387i,0.000446823376436893-3.24032621557887e-05i,-0.000192648284148545+0.00108737435323369i,-0.00016112354895544-5.25197171771471e-05i
-0.00182615405611002-0.000802548086370783i,0.000494725090642415-0.00123411840002629i,0.00175045144186089+0.00027318492099408i,-0.000456815185408106+0.000799001776583119i,-0.000602126464263875-0.00108876356885446i,0.000443923514841165-0.000959952424515078i,0.000211066733711874+0.00105476959050639i,-0.000291500117391602+0.000481099629028025i,-0.000242744049476535+7.73392060695666e-05i,0.00105027319007235-0.000606536823408324i,-4.11740609796733e-05+0.000672695946560773i,-0.00223183954579902+0.000761284110203098i,0.000584917201155165-0.000497947545297196i,0.00218432055002073-0.000298130860590685i,0.00111785751101503+0.000513308155260923i,-0.00068406955570972+0.00138845668985721i,-0.000698523301105988-0.000699951865729002i,0.000612101316268119-0.00134304023790311i,0.0008191649507132-0.000233557508035091i,0.00028807461610904+0.00107294360352342i,-0.000111647129648362+0.000966909119831295i,-0.0010146592909599+0.000767819086065038i,-0.000653642889488788-0.000128910002463143i,0.000140156452336182+0.000788159870557781i,-0.000761799167717537+7.79836365595689e-05i,0.000239773782335243+0.000151979612953594i,0.000260200954789586+0.000411170289632515i,0.000820796004349157-0.000104004484713094i,-0.000258370131172276+0.000474005244889905i,0.000468617954140836-0.000354450997321286i,-0.000242345748061885+0.000118233346524474i,0.0006005773394899-0.000527392750049592i,-0.000515567484017544-0.00124515551074314i,-0.000639754161985439+0.00030445844496471i,0.000953582881660787-5.79288506399905e-05i,0.000390154079452672-0.000318409310024043i,-0.00034623551495148+7.54577009856465e-05i,-0.00135936154577529+0.000513240087333356i,4.15391704081266e-06+0.00157290977660029i,0.000495189635475179+0.00128171740522854i,0.000366989792178747-0.000933213737905187i,-0.00109889919351214-3.14796163099747e-05i,-9.87150235175255e-05+0.000622163053327121i,-0.000532424253546593+0.000867393350805243i,-1.77032656395432e-05-0.000460344366643388i,9.39986311453498e-05-0.000349718987483802i,-0.00031501885547091+0.00111334251065835i,0.000523527356592158-0.000109991762206901i,-1.97688134315926e-05+0.000318284442936653i,-0.000852697912542555+0.00120179973403236i,-0.00115041820270655+0.000134073969058736i
0.000798836718974871-0.00100126389647937i,0.00129145927705388+0.000303424084481131i,0.000942638987713279+0.00154745235142867i,-0.000589603372403925+0.000409334085896055i,0.00141771815760276-0.00123331224441559i,0.000759461419648664-0.000670077693638298i,1.02411659758554e-05+0.00131369146933297i,-0.000356527212053869+0.000123415049120251i,-0.000470435882331238+3.97582559241751e-05i,0.000400057941509243+0.0004835127851795i,-0.000923168144585718+0.00094102609783631i,-0.000304646019195387-0.000479498062857486i,0.000738509546131134-0.000285887402086907i,0.0006734512719748+0.000818535630107828i,0.000195458871022758+0.000156122316925246i,-0.0013600544681444-0.00079567742382982i,0.000594063146109803-0.00234091192812478i,0.00111932078291255-0.000308108001445332i,0.00163335671945894+0.000613409447712109i,0.000242684000571425+0.000698950139304264i,-0.00139605501663524-0.000110011407187735i,-0.000297002206855962-0.000572674288078033i,-0.000225464914700771-0.000893291035000715i,0.000672438472997452-0.000325758166380159i,0.000825274842207014-0.000879430261621467i,-0.0005625748425018-0.00128087202623715i,-0.000309800351634307-0.000870248223707964i,9.84439515465171e-05-0.000302028674055978i,-0.000880939688270475+0.000120181544315492i,-0.000266797053556443-0.000880427913842237i,-0.000415734149077398-0.000401824489310032i,0.000187315079348797-9.27688655192072e-05i,-0.000728248182775697-7.25471629793941e-05i,-0.0017033487666661-0.000173171126344337i,-0.000235155551044099-0.000166449338188352i,0.000130065754100701+0.000953990217745997i,-5.12145693198674e-05-5.60522096395751e-05i,-0.000631230605355018-0.000391649641492463i,-0.000119934904711431-0.000180444613218908i,0.00034143915101699+0.00083650932090132i,0.000717068452799406+0.000689401413835824i,0.000356301452930407-0.000369293013183922i,0.000646505753624441-0.000213946478330886i,-0.00069822227187482+0.000415362828868636i,-8.50926248739464e-05+0.00045469676144461i,0.000109676633598183+0.000477121335688482i,-0.00119047933752342+8.11886448766939e-05i,3.08958979976732e-05+0.000377149849440118i,0.000298725041121973+0.000498506067933991i,-0.000736854845477877-0.000847705665671614i,-0.00080636909960869+0.00018805681923493i
0.00101714117788745+0.000901950020863459i,-0.000654505380594863+0.00181340276905055i,-0.00130589459572586+0.000496351779501122i,0.00100520419090328-0.000855409755833114i,0.00113987939255489+0.000779946834280699i,8.69739223540817e-05+0.001515717299091i,-6.8342954390441e-05+7.3339802549983e-05i,0.0013557547946865-0.000690976414712941i,0.000663981575916478-0.000474627479907385i,1.53778256114643e-05+0.000964472073401062i,0.000509095595964931-0.000392262171927856i,-0.000678031214320957-0.00010889756948891i,-0.000170183753159157+0.000390450763494495i,-0.00139546755406797+0.00103131245989496i,-5.58735298684553e-05-0.000515950047073899i,-0.000315960275874752-0.0014587782043855i,0.00148901970710699+0.000654199022011456i,0.000312130536664489+0.000791762784534477i,-0.000442004943164776+0.000904474987581649i,-0.000717733826016634-0.00126356209758918i,0.00121952364999381-0.00148515712654431i,0.000345252338907184-0.000617191712498466i,0.000558596206953201+0.000921963384585692i,0.000118162627281708+0.000404171449686905i,0.000614016154618939+0.00079731066749826i,0.0012138981705306-0.000242346242656093i,0.000662303265702952-0.00074440582314415i,0.000364631367932608-0.000279602013181948i,0.000876674513090398-0.000225170946050891i,0.00016249243086671-0.000765416613395649i,-0.000122506865167907-0.00145427059708382i,-0.000537384675506476-0.000764482613350392i,-2.29127135929338e-05-3.69888563778913e-06i,-0.000306636361206529-0.000487461863467917i,-0.00142251512552657-0.00101146370796847i,-0.0011855423981174-4.27229689432768e-05i,7.71112882363192e-05-0.000225321640412322i,0.00118825449346019-0.000498941865033413i,8.17390373553863e-06-0.000144397702755967i,-0.000587613881763587-0.000477819664928066i,-0.00161029734849785+4.90186050947883e-05i,0.000951180940215593+0.000337369433648428i,0.000697070341297945-0.000514371973358273i,8.91716732911467e-05-0.00205067455528579i,-0.000684280092170849-0.00138707042722896i,0.000169107587198074+0.00118502441688746i,-0.000475381653550526-0.000270188476952522i,-0.000731024479127932-0.000125108577758897i,-0.000676069769217518+0.000865241441615308i,0.000101636083126022-6.16329682706218e-05i,0.000116204941966503-0.000456428533360573i
-0.000155086052000859+0.00234675887079542i,-0.000936677783398049+0.000666397946161154i,-0.000692084761563575-0.000477452527258113i,0.000852105276705216-5.57286735972408e-05i,0.00054375044711792+0.00198150654946887i,-0.000446292041908261+0.00139811418111637i,0.000119731495117989-0.000190540897036619i,0.00158793020166593+0.000501801500982988i,0.000106293963418293+0.000751621028550145i,0.000239838136390237+0.000712141635190644i,0.000796728930573034-0.000169452932108423i,0.000423483833650315+0.00063070025348218i,0.000460890885482228+0.000872017216950967i,-7.8870714117377e-05-0.000889225592394974i,-0.000311913785730562+0.000756500370679731i,0.000290692004481291+0.000225009575839065i,-0.000570555775818819+0.000919260811994817i,-0.000219257897146543-0.000272893519212183i,0.000257577739591397-0.00127100451998701i,0.00111268755101872-0.000505213196429202i,0.00215092802924758+0.00112117932696766i,0.000746437034114385+0.00110411169001243i,-0.0012335009770165+0.00112903512135735i,-0.000940955295731198+0.000850939843826838i,-0.000450059543526299+0.000322836676758853i,-0.000948181543683108-0.000246848128695i,-0.000612367860134588-0.000124056239431995i,0.000235246274967185-0.000187532268466948i,0.00103177163753397+0.00018570552975596i,0.000400133392604054-0.000747558066037665i,0.00134740855759312-0.000710317962152203i,0.000619142380796468+4.09392522091505e-05i,-0.000556715201882703+7.92224685525133e-05i,0.000600517715790166+0.000622606969823937i,0.000854136092191293-0.0005452687421989i,-0.000426847417664527-0.00190643184557483i,-0.00136337195542889-0.000283729770820178i,-0.000132011641614727+0.000608201286276763i,0.000219867828546484-0.000266913297444964i,0.000266149667034799-0.000415283799742579i,-0.000781026361877221-0.000640912930777497i,-0.000159709164582272+0.000558591871594264i,0.000699678465229404+0.000686572217432842i,0.000802189496518459-0.000857811793672269i,0.000227756702435604-0.000848033131581371i,-0.000705286564982734+0.000846472434358016i,-0.000503504133242961-0.000404569110582453i,-0.000735452778468763-0.000153698408749169i,-0.00040751400389999+0.000846305095302521i,0.00180264483918918+0.000508442567475688i,0.000206208227141602+0.000209030627141249i
-0.00126053357782415+0.000681647799671151i,-0.000118258192129679-0.0007132391862707i,0.000595433018994018-0.000413491364326675i,0.000404647923139861+0.00157944544315703i,-0.00060618571868638-0.000120953644504455i,-0.00112588707439952-0.000724420923266283i,0.000213879217535652-0.000329622382636696i,-5.16534916055053e-05+0.000784460574230704i,-0.000692891654678072-0.000961082650712609i,0.00032420646079178-0.00059815566623668i,-7.13099315877436e-05+0.000438889431310636i,-0.000407853987010486-0.000168893843131287i,-0.000722854976073076-0.000244791550479906i,-0.000486357686685773+0.00136556185779853i,-0.0014206157863401-4.06704413213898e-06i,-0.00106063303487505-0.00110325124293294i,-0.000805530267561596-0.000496823676808784i,0.000800388274330931-0.00109790898386463i,0.000694730195585342+0.000292222788628615i,0.00072370403479995+0.000123676711523872i,-0.00134954455321724+0.00037971484718001i,-0.000958549759609013-0.000457071505677651i,-0.000120037965739383-0.00154177164862272i,0.000653765024562476-0.000916111677055908i,0.000515171324918579-0.00117795212686181i,0.00102482402766293+0.000521336864437308i,0.000389732005525191-0.00044626287315334i,0.000320951523741136+0.000290022555735427i,-0.000589001803342539-0.000627754889322535i,0.000418379586979771+0.000770837237606425i,-0.000344051228887011-3.82717475975353e-05i,-0.00186398644858893-0.000618977514379994i,-0.000895591552152203-0.000162827308963266i,-1.81840549632826e-05+0.00020622531919677i,0.000694865986194336+0.0004699857693667i,0.000734961990046022-0.000562714504347018i,0.000393493797721397+0.000620531353168877i,-0.000278276434175809-0.0017040726895382i,-0.00126989225634069+0.00073954941503909i,3.12129706711015e-05-9.46003487881153e-05i,0.0020868836218409+0.000923615896220851i,-2.96662919515851e-05-0.000347330068485454i,-0.000448358046952551+0.00074793597231118i,-7.99877404401095e-05+0.00156262222733728i,-0.000327063006436974+5.90391964565592e-05i,1.72292519821358e-05-7.29558648754272e-05i,0.000303112508037195+7.74180317378516e-05i,3.81286281923879e-05-0.00105049863521161i,0.000126131416586688+9.9615553962996e-05i,0.000267396538743975+0.000125485563594273i,0.000335784100032238-0.000165810995989755i
-0.000493415325601361+0.000332392843778911i,0.000565156797555125-0.000326277023557224i,0.000710894734455886+0.000827912344580352i,-0.000134584955664547+0.00162592157290465i,-0.000437762952406216+0.000171614621521977i,0.000146942139934993-0.00071442057210555i,5.65415359808429e-07+0.000929171325558776i,-0.000500343666905765+0.000366597120762408i,0.000311042456099168-3.2383387268006e-05i,-0.000140036322783272+0.00132937861330103i,-0.00136503228685147+0.000491899606740563i,0.000569791687046307-0.000948098556925377i,0.000575029919907731-0.00041067282162528i,-0.00128654026802196+0.000573020021430799i,-0.00184480137349079-0.000339507100324085i,-0.000434774382735319-0.00192387672827384i,0.000898359258133206-0.000294409336581124i,0.00026632734592656+0.000454739678664984i,0.000119601391125927+0.00139447755021306i,-0.00106580814922823-0.000502879891961064i,-0.000158723651508016-0.000412366845721481i,0.000649808166061171-0.000264549483612252i,0.00206178047467704+5.5069011309787e-05i,0.00195000473351537-0.000108850850490867i,0.00179274801628498+0.00125476492030506i,0.000899749970243743+0.000215788169760718i,0.000700338605192712+0.000212784957110269i,0.00074749360600385+0.000475740572482511i,-0.000875315250179525+0.00120780188997948i,0.000388153290819002+0.000392471272756669i,0.000240810148958287+0.000577496119617357i,-4.63818427450465e-05-0.000445298293800356i,-0.000319065139226249+6.43895944670537e-05i,-0.000423591536735802-0.000483378857573314i,-0.000221844307839008+0.000606356236259942i,-2.62686742572278e-05+0.00116866420814958i,0.00110256397738362+0.00121200259159612i,0.00107720622156474+0.000203865380106422i,-0.0006981772755487-0.000166823457580037i,-0.000988645146629832-8.77389104153691e-05i,0.000994834468122109+0.00148938781983117i,5.50614593545413e-05-0.000148473002271628i,-0.000596468381035543+0.000989256981433352i,-0.00051156430589899+0.000390292316868353i,-0.000339277886795007+0.000166016136272202i,-0.000475958099011917-0.000642919804072315i,-0.000172105699993495+0.000571168967940806i,0.000380503753789667-0.00116714311322239i,-0.000588044980936145+0.000103372579581505i,-0.00108858670182165+0.000279897569158066i,-1.24748188067806e-05+5.65654821711693e-05i
0.000485013698058194+0.00028798430150027i,0.00134367497848442-0.000419399631224692i,0.000659806075477957+0.000929603973593635i,-0.00128696252987364-0.000196341674207367i,-0.00052687862424729-0.000973282945870449i,0.000942235541841239+0.000180775684354357i,0.000572074165373324+0.00149170209003499i,-0.000214134893755601-0.000804802268858649i,0.000882698134960722+0.000896804675882007i,-0.0017768324597539+0.000324617121081762i,-0.00154421819001138-0.00110660616923016i,0.000750970213282588-0.00055103836884053i,0.000282338630772688-2.62336634410215e-05i,4.96002688302232e-05-0.00167845016835272i,0.000778715416320642-0.00153895395952604i,0.00124804167536084-0.000664341241033334i,0.000930810471805294+0.000276900737693431i,-0.000754000916667594-0.000384247789842953i,-0.000387857628610336-0.001284864109894i,0.000470875599763446-0.001073425075346i,0.00118395764834753+0.000315772631816378i,0.00155063681556481+0.00108135422472192i,-0.000373740285771967+0.00157090256346444i,0.000151821442106189+0.00104074241798853i,-0.00104578790943611+0.000939806259136611i,-0.00142297744546484+0.000398329624809119i,-0.000805690036519321+0.000951775526701401i,-0.000276741744892126+0.000356594845854597i,-0.000223052993499179+0.000211193702160339i,2.56379602604157e-05-2.15110889795447e-05i,-0.000547237162973634+0.000630944919088784i,0.000549972724487039+0.0004256853557889i,0.00204699504294824+0.000585618995085198i,0.00104066465127821+0.000314925676172346i,0.00035482490240435-0.000273373003383726i,-0.000368894837907334-0.00100126429463474i,-0.0016655647152959+0.000560033617686768i,-0.000184256842780228+0.000563343474827355i,0.00042814346556298+0.000432575409741971i,-0.00113115650367192-0.000945525128479721i,-0.000857831604408693+0.00171783861651526i,0.00045793207107847+0.000335268350871666i,0.000354786799067072-0.00199648854398883i,-0.000263302375788049+0.000772976236428727i,0.000293457769612278+0.00084144120804223i,-0.000732896580481837-0.000609303389489114i,-0.000209804239378701+0.000689257293864754i,0.00188624736886253-0.000365908479715991i,-0.000119877125211526-0.00111358502832793i,-0.000436696959867253+4.61440429396008e-05i,-0.00018209687327017+0.000548885578761958i
-0.00098467077758967-8.1191698230872e-05i,0.000865741776265668+6.50542062937429e-05i,0.000295027582793331+0.00145417254161812i,-0.000844442365260229-0.000711969478411724i,0.000709212842245743-0.000240168915267745i,0.000564816338225753+0.00101178601128778i,-0.00100221033823506+0.00107606827657851i,-0.00101357429143905+0.000656712331084469i,-0.0004194533806429+0.00121801405484373i,-0.00126655394998907-0.00073438275444684i,0.000255958782882874-0.00142538712228607i,0.00113414826464464+0.000896539180701527i,-0.000115383370709907+0.00191646931254384i,0.000257164829566907-0.000593655818977946i,0.000821351233383234+0.000333841927288455i,-0.000574524893327522+0.000871682643183078i,0.000596286703441928-4.49402532125111e-05i,9.54673635466044e-05-0.000848604651984306i,0.00214824058039767-0.000819470587442095i,0.00102691579333779+0.00149331821333029i,-3.97474609635021e-05+0.00133226933972331i,-0.00147882043880406+0.000328419160753596i,-0.000899545685753181-0.00127910650782234i,-0.000199782361587085-0.00170590270599098i,0.000147214680406878-0.00160111091695119i,-0.000289191955398489-0.00129325840750737i,0.000183085836272864-0.000610510962545273i,0.00154445155803618+0.00015166128866337i,0.000507645109243265-0.000478939566553541i,0.000279781222362033-0.00168507827553028i,-0.00075905758967325-0.00150374546020618i,-0.000142637605754146-0.000549244712632426i,0.000197234536686519-0.000592270765238806i,-0.000439704880168786+0.000733727934221829i,0.000852426496133812+0.00151258034791267i,0.00147960057784658-0.00168995839716968i,-0.000192155537534877-0.00188150820132313i,-0.00124385621771702-0.000807385145851538i,0.00050103174295989+7.4954901036512e-05i,0.000953612680299203-0.000729246571947814i,-0.000698217446291195-3.81593683861407e-06i,-0.000233755896333684+0.00113378660404441i,3.21161728151153e-05-0.00032147185297351i,-0.000470618320493683+0.000238052426667614i,0.000551639077688555+0.0013766431799057i,0.000353467080952519-0.00120515924475967i,-0.000705770556757507-0.00061201512991977i,0.000123417406756474+0.000876934639837338i,0.000385243889500881-0.000336937427442886i,-0.000653359534031951-0.000489176939292989i,-0.00054806472114597+0.000853521192782659i
0.000158773950368761-0.00057293074352769i,0.00128468568068672-0.00010434739491667i,0.00014586545289659+0.000534182648095302i,-7.29183686635792e-05-0.000361326030120524i,0.00116493518162337+0.00172879493501531i,-0.000534507606038376+0.00129371197689111i,-0.000706586502231201-0.000101842113251824i,4.55160027100831e-05+0.000344218361099871i,-0.00157267512280929-0.000109552259364435i,0.000144916644284959-0.00273817784260412i,0.00269583169899902-0.00017398214020726i,-0.0008382697746724+0.0012709998014294i,0.000267949009688494-0.000821756403457924i,0.00235924894685787+0.000381092060891229i,0.000579558768068775+0.00236135527394484i,0.000122970026327026+0.000893047721449609i,0.000806160811916782-9.50453920098745e-05i,0.00233131453983477+0.00227327414155639i,-0.000400317341043954+0.00153698357724915i,-0.00185490894436962+0.000671648667793448i,0.000143279355389198-0.00181586613287972i,0.000245858872166291-0.00228520484571276i,0.00141823648502397+0.000479669559507836i,0.0015182540610351-0.000210618138082258i,0.00234701798180378-0.000532208505685596i,0.00183686389487293+0.000597363422281859i,0.00157429832374295+0.000512732129290704i,0.00038822171362825+0.00215330070973731i,0.00131606869455725+0.000406674365363095i,0.000685721151653103-0.000182674098898306i,0.00121214356767494-2.088982330315e-05i,0.000935125419045208-0.000510217677767511i,0.00167448437943679-0.0017370761388114i,-0.000919826558038195-0.000620439487060644i,-0.000919677075550457-0.000219130667026773i,0.000380396446698309+0.00197192652514871i,0.00137178619983134-5.5813017962965e-05i,-0.000825746973105935-0.00114006201251707i,-4.64777088579003e-05+6.70690177920211e-05i,0.000650937577299381-0.000199681437533786i,-0.000264519585348186-0.00164740369959512i,-0.000431135641829691-0.000133937908616792i,0.000410254855317367-0.000435051697826714i,-0.00126791087288605-0.000256959912157181i,-0.00165366041844067+0.00117620592926481i,0.000394491566561237-3.00896905456366e-05i,-9.19374144551377e-05-0.00112478123942752i,-0.000520799629584509+0.00234252588422257i,0.00150661786800366+0.000379982660301979i,0.000262169408065892-0.000523178920098345i,-0.000536716414801809-1.64983330049604e-05i
0.000974395309904114-0.000832825716251547i,0.000515375477926929+0.00142308997717566i,-0.00152493974140953+0.000389391941541785i,0.000511608111940901-0.00049744590384129i,0.000764791597388346+0.0017353394805926i,-0.00118747582973105+0.00143252277075449i,-0.000741356283168387-0.00188498423932026i,-0.00032258125451634+0.000500717701571114i,-0.00142020984996987-0.000165306398985754i,0.0008542091113866+0.000171726261539198i,0.00226924790596787+0.00180564359075997i,-0.00143873345047489-0.000348895139623891i,0.000763083445788031-0.00105447973210802i,0.00105588681996084+0.00181829120220747i,-0.00298473317333203+0.0011733439783846i,-0.000978951319538849-0.0017928014035764i,0.00192691152922162+0.00120569304541808i,-0.00106949784904061+0.00408695912144937i,-0.00265207810163218-0.000596262042102744i,0.000460233681753043-0.00149943380600009i,0.0025620733560289-0.000662099565568454i,0.0021149633451861+8.2060352986756e-05i,-0.000871356233331085+0.00273688012663414i,-0.000354450876835535+0.00200567598611592i,0.000719394480583635+0.000914600834434597i,-0.000186777158040507+0.000431599842181672i,-0.000190374070728726+0.000940459592620232i,-0.000775303791757125+0.00172266859878342i,0.000334094173458387+0.000379866611587976i,0.000793369010524468-0.000188360203147167i,-0.000181161276273261-0.000701113436602771i,-0.000568084453198403+0.00050634653864837i,0.00300046629372337+0.00234272674691574i,0.00330459858407217-0.00102671526216379i,0.000439555838754825-0.000688254686036528i,-0.00127277414673637+0.00115288962909675i,0.00141120414728071+0.000418756698314973i,0.000111262930145293-0.00145985641909124i,0.000905422846959607-4.38789229771699e-05i,0.00218071019426384+0.000593193165203189i,0.000753605335675785-0.00164140553151439i,-0.00038108657574431+0.000476477562055293i,0.0013215459934877+0.000505342247012359i,-0.000416673569419085-0.00145188728781581i,-0.0011969753044776-0.000460296428754566i,-0.000145461802879957+0.00105874890596673i,0.000236906920105926-0.000577233762683374i,-0.000940663321792772+0.000610011596169353i,0.000158313851479022+0.00115452149368617i,2.10102577141341e-05+0.000340941253259746i,-0.00129721306982042+0.0013617708560868i
0.000939024383203027+4.15372375224351e-05i,-8.34278799466369e-05+0.0016896372333916i,-0.00138632268857582-0.000200716207388633i,0.0011977512977008-0.000679564885966622i,-0.000988530621576949+0.00128300170961717i,-0.00144062271808008-0.000470916506970815i,0.00190767768616256-0.000887601689143789i,-0.000494917314926021+0.000967446401578395i,-0.000804572335142645-0.00110242865218422i,0.00129097581980838-0.000103203083139766i,0.000209733849197423+0.0025107522002425i,-0.00165310166826374-0.00186169463512905i,0.00232291601405837+0.0011188302435081i,-0.000343015854021776+0.00216657967686912i,-0.00314552513089234-0.0017314137463026i,0.000356326107316622-0.00198491159052435i,0.000852315445712803+0.00256811132468754i,-0.00434264446816981+0.000731282972031421i,-0.00106171604213948-0.00271190587044911i,0.00389415647280063-0.000319377799157597i,0.00187810731608011+0.00276317218777737i,-0.00109598599018098+0.00228959967999143i,-0.00263175618620457-0.000976759979952254i,-0.000655525913724373-0.00161876255350036i,0.00150958174166907-0.00137738741808346i,0.00194111424276924-0.000698939644472369i,0.00016380008120856-0.00014407763851866i,-0.00122828676912137-0.000476457017831059i,0.00150294722107488-1.34944852529741e-05i,0.00192876022407866+6.12708319400806e-05i,0.000714988433933972-0.00203250106025716i,-0.000866788905936229-0.00065792826420905i,-0.000229974698176164+0.0037174342934476i,0.00271181101002882+0.00135103403225944i,0.00109978715070483-0.00132444690782764i,-0.0015438022651614-0.000893757750429678i,0.00117140082122038+0.00128199815861213i,0.00129805437690348-0.000737594662997645i,-0.000651112737216114+0.000635702223979252i,0.00192213494185619+0.00201421580113938i,0.00228268740535516-0.000559410678994693i,-0.000318190142773763-0.00155835429414938i,0.000157029418153828+0.0015156097489732i,0.00118831985970266-0.00151436248300496i,-0.000667307442837472-0.00112295475558417i,-0.000823754597605891+0.00169870550437841i,0.000801903587924663+6.94607327079257e-05i,-0.000377115709910524+0.000824829414260686i,-1.10522414739403e-05+0.000973445361001519i,9.62521870320339e-05+0.000556269606824925i,0.000143252831031988+0.000426810349155141i
0.0017295304496028+0.00107793841079277i,9.8949491039229e-05+0.000692015569220757i,-0.000930849780783128-0.00128716578514101i,0.00102629356691584+0.000909837730733748i,-0.000439762801611994-0.000124759265759648i,-0.000570610071234612-0.000925652125432985i,0.00266916256163367-0.000295494182806355i,-0.000447202573667893+0.00177788412853948i,-0.000963864436673911+0.000331195999931759i,0.000907783000178705+0.000423003163204141i,-0.00151131664297535+0.000860923792240486i,-0.000320078856359781-0.00120509833757782i,0.00224574546751513+0.000501623082546855i,-0.00128521114641204+0.00109415752573214i,-0.000720995781853567-0.00266302582400215i,0.00255179882962994-0.000672704300346993i,-0.00119818303747958+0.00296524803755824i,-0.00329257169612089-0.00210204266327851i,0.0026641086831235-0.00225455021210367i,0.00368883065740518+0.0026786488286803i,-0.00222643689598431+0.00489586871064257i,-0.0044973769204674+0.00116673804356262i,-0.00107768178984519-0.00563274861524647i,0.00350884991647188-0.00398930048990823i,0.00441214602412031-0.000650991755357446i,0.00389628223788778+0.00137105607639892i,0.00109243759243133-0.000694885184423048i,1.67745040842279e-05+0.000165939710905214i,0.000865363979925748+0.0017886011876581i,0.002844609652111+0.00229412668183981i,0.00443420138557412-0.00110271028238082i,0.000680749818843713-0.00300238714275081i,-0.00282187709656611+0.00104062401213535i,0.000168252395092766+0.0021479622669281i,0.00144739834875886-0.00014057433646903i,-0.00122997127545519-0.000226328137478113i,0.00103522333775698+0.00184252041261035i,0.000999346064008924+0.000537758710250527i,-0.0012484781911254+0.000103151469860397i,-0.000643493125141009+0.00235108616405133i,0.00313072141274326+0.000354919906730119i,-0.000161200719405986-7.39349552895186e-05i,0.000327230712636846+0.00127115035753258i,0.00159052175954876-0.000617119676237532i,-0.000100908487705828-0.00146845783533117i,-0.000625276040564329+0.00156429935626536i,0.000407174880064432+0.000739271059925795i,-0.000566716812566756+0.0002306791013001i,-0.000173680829172642+0.000914650411942485i,0.000726841131355198+0.000197362344225716i,-6.2511183064924e-06+0.000553602857763853i
0.000648578026439572+0.000303726551743882i,-0.00103648425052712+0.000601419998082133i,-0.000476514924482386-0.00133299982428319i,0.00109910544457631+0.000417983603865485i,-0.00049000511018862-0.00109839629121486i,8.59965890235162e-05-0.00164756525182757i,-0.000572056572885153+0.00145055494510671i,-0.00225574696301114+0.00089277342594752i,-0.000338523335978884-0.00162009512467677i,0.0002030769089252+0.000928020946375828i,-0.00245279214612973+1.08869595218077e-05i,0.00191587479306653-0.00123441224260778i,0.00129831899004554+0.00132976554807388i,-0.000906260176488718+0.000432236877785728i,0.00120457560050814-0.00227208892758147i,0.00257315245667848+0.00232241749175677i,-0.00263815385720834+0.00141022555044493i,0.00011959949715037-0.003386776715626i,0.00292523387532291+0.000707857927551264i,-0.00243623407167895+0.00441559164071252i,-0.00583697942684767-0.000365995810449481i,-0.00163133953714909-0.00463637004263789i,0.00505253965759283-0.00262981432356663i,0.00684470928064536+0.00156702651340905i,0.00563267768965346+0.00441129615219064i,0.00142456674354142+0.00315032903528397i,-0.000411977519258448+0.00255246121355317i,-0.00151924414880726+3.65424852019668e-05i,-0.00377142319011562+0.00179602490216899i,-0.000201135822918982+0.00523540681289819i,0.00374144230000407+0.00306906022163106i,0.00303235750740742-0.00207222377919715i,-0.00215104514501468-0.000874526035427788i,-0.00114328997091423+0.00194774049673188i,0.000667055324273869-0.000455944647102367i,-0.000731070496467397-0.000573617443571997i,-0.000923966832737531+0.00102782497556056i,0.00210685922881468-0.000196875104079759i,-0.00135904372189461-0.00136031429827937i,-0.00204801268106371+0.00175672935338507i,0.00124231449965506+0.00184596930289923i,0.000949663666927075-0.000765704170853062i,0.000144853750789052+0.000244651627403988i,0.00141362082266039+0.000458014453352334i,-9.25038219563618e-06-0.00137308413528388i,-0.000641214235132255+0.000605828752814463i,-0.000695420703371636+0.00150011343227631i,-0.000636104149414007-0.000425154247568567i,0.000205285024494011+0.000955432392440982i,0.000237938831613597+0.000350524397966461i,-0.000143940045322321-0.000644215820604973i
0.000505738932086512+0.000125992131178481i,-0.000393708997985701+0.000380858791451172i,0.000307596659129123-0.000830193312242542i,5.92138067666952e-05+0.000866441794801625i,-0.000607127083626555+0.00022414800747037i,0.000981566497394158-0.000709745716538027i,0.000819068666098677+0.00252524063461358i,-0.00214550035208025-0.00109486591504298i,0.00148292605918049-0.000531068619306509i,-0.000265160529440028+0.000893556006676028i,-0.00200732318027511-0.000975379234935047i,0.00377027667409173-0.000961965088634344i,0.000444601544251662+0.00321359810138205i,-0.00174467945978528-0.000946387599114055i,0.00255134249304203+0.000293378439569749i,0.00112297291845005+0.00300067379083034i,-0.00184375627485223-0.000533247755668181i,0.00287950530965159-0.00203526599493491i,0.00181162292318426+0.00296308112715334i,-0.00420148345638754+0.00277242743377649i,-0.00219249920384287-0.00582213247565843i,0.00470253048502896-0.00349183513010541i,0.00358434214834053+0.00552116035909243i,4.10379068248009e-06+0.00606190399906773i,-0.00108931826575218+0.00539526099511115i,-0.00277121989912738+0.000860166879351131i,-0.00225836638426058-0.000931413543363357i,-0.00175431470162498-0.00109875713431622i,-0.00304595132715871-0.00106997161453758i,-0.00247974619930464+0.00217530468055846i,-0.00088956114414996+0.00272443336479617i,0.000755093796005021+0.00131199204157252i,-0.0010942873755276-0.000867310606938867i,-0.00045236982299769+0.00166179394717818i,0.00185471541836894-2.23555409026557e-05i,-0.00025501238552979-0.00204608022169178i,-0.00255418780812295-0.000144446221619785i,-0.000123082358165362+0.000485734178452839i,0.000826445551007922-0.00112989703177952i,-0.00142218072055143-0.000287102056616286i,-0.000480140034329374+0.00106541331689267i,0.0007387556753253+0.000914572001770985i,-0.000378545381496493-6.10457956775268e-05i,0.000492830701779148+0.000601444841533608i,0.00115612307020466-0.00166877821105083i,-0.000321239836725607-0.000619649029686988i,-0.000531079876796804+0.00131960975254392i,2.58294892752528e-05+0.000113825261964682i,0.000228169478023424-0.000502460599607072i,0.000961353418394836-0.000296994072189434i,8.44981980491293e-05-0.000723190341026789i
0.000295991811690179+0.000535171006070255i,-4.01521095124171e-05+0.000667064250324198i,0.000251676692927777+7.71523565065301e-05i,0.000990006630840619+0.0015619112242709i,5.53292011079556e-05-0.00122555124471591i,0.0016222400607206-0.000945005558232952i,0.00052466933841764+0.000760995396609947i,-0.00101581828792265-0.00206115067649873i,0.00245420283317626-0.000654511424094541i,-0.00128540104452662+0.000540455267747905i,-0.00155173044217594-0.00227289542409244i,0.0039233714415736+0.00223536314423358i,-0.00240651106196163+0.00225441412516534i,-0.00127481481284179-0.00151052687897424i,0.00264914865307385+0.0021290865061088i,-0.00275723746598424+0.00435501118356065i,-0.0010957346504082-0.00217944030864551i,0.00541325185701777+0.0011150759123743i,-0.0028744008380733+0.00509438639494933i,-0.00286650542789679-0.00638353500690973i,0.00701138416539547-0.00714304627462532i,0.00891011149558267+0.00446222837473662i,-0.00706142484585645+0.0109170692591507i,-0.0116809792837776+0.000840086569259452i,-0.009901812701789-0.00308565556966987i,-0.00909334785846831-0.0054146575333897i,-0.00573730900310313-0.00417993924905167i,-0.00234481017864261-2.05840636684045e-07i,-0.00186168908995766+0.00174609925988135i,-0.000569197669371487+0.00118442803963379i,0.00140741166890854-0.000736799772838501i,0.00179769432064059-0.00076741409062397i,-0.000497995000850361-0.00142492285958633i,-0.00142144498641786-0.000590941140650045i,0.000540749941058746+0.00148318669900871i,0.00294814939868785-0.00149435634313219i,-0.00100153337289673-0.00275357208555586i,-0.000963653335822652+0.00103542585784147i,0.000403667454021369-0.000943492131666046i,-0.000121968153231408-0.000583475570106101i,-0.00174458750550637+0.000138283314990486i,0.000387746546238268+0.00215257182067461i,0.000263316928940865+0.000862933823181259i,0.0011720674845109+0.00124821781175089i,0.00118913450558858-0.000610265678678049i,-0.00189314118165738-0.000884209623855237i,-0.000840578592292951-0.00014348503263881i,0.000330209800722088-0.000814987361403687i,0.000153059417038519+0.000433044088754512i,0.00022545915779952-0.000209852947139711i,-0.000425500607377565+0.000441000394286957i
0.000757625809793261+0.00112555971619539i,6.52273451948753e-05+0.00130115404318278i,0.000396837722551908+0.000511845538240961i,-0.000850033335092013+0.00102896614762517i,-0.00135003190958161-0.000894297476622664i,0.000502258869974653-0.00120115344908498i,-0.000691385636930154+0.00097908260166968i,0.000320190905618209-0.00227540158785398i,0.00250924048882914+0.00162640978887989i,-0.00184764073888986+0.00120685652051876i,-0.000874456624481327-0.00226545178286454i,0.00301697231829263+0.00249579330814018i,-0.00338007759679223+0.000850057189268018i,-0.000809025693216092-0.00408064657854614i,0.00356244546684731+0.00319680644140548i,-0.00305383743766301+0.00402585030542841i,-0.00127491332699879-0.00480105305516152i,0.00569017802984084+0.00280782526816171i,-0.00671221854001162+0.0046401072808829i,-0.0027813180602416-0.00748519331291773i,0.0100044831798995-0.00468366554798612i,0.0104926519566618+0.0077154480073945i,-0.0121793910782852+0.0131947218873602i,-0.0138038517572801-0.00372287449047653i,-0.012878267551209-0.00789708814549964i,-0.00858846258349758-0.0112832325383235i,-0.0088776897971266-0.00787678422097036i,-0.00604389468893909-0.00300717400759703i,-0.00320279993629046+0.00179889922068619i,-0.00175795033394426+0.00101755792179827i,0.00077894682909187+0.00138853414154787i,0.00262749242285693+0.00197337087889881i,0.0022738523418162-0.0016999265454447i,-0.000485341389750725-0.00301430589716818i,-0.000496405398849337+0.00259246034894751i,0.00362001048724719-3.75219601724289e-05i,0.0018502563107434-0.00221398036013113i,-0.00107028369045786-0.000411768071329585i,0.00225306366423864-0.000935570611490513i,0.000897821619492119-0.00163410018040556i,-0.00193732230245716+0.000738554864759225i,-0.000259290138022304+0.00138748515099664i,-0.000254636162121593+0.000527001191961851i,0.000290664194482917+0.00107986500691646i,0.00146045878073667-0.000265140655852333i,-0.000758034549696885+0.000237998470423552i,-0.000528996269097209-0.000478896156697987i,0.000290328113791232+0.000920179840955188i,0.000966572236938528+0.000300670737363895i,0.000864249818674768+0.000954647119860071i,0.000387257873607466-0.00040731327078717i
0.000458307336991221+0.00249731425372373i,-0.00163749311729837+0.000411349050636735i,0.000892723257908695-0.00113740651781105i,-0.000801498554741363+0.00223572992257098i,-0.001932451332335-0.00100911891003695i,0.00179363111465093-0.00185557760174205i,0.00035385249038568+0.00205271658924489i,-0.000774222607411104-0.000561758575520587i,0.00218402006701914+0.00190318257783914i,-0.0027500288214923+0.00233668493030053i,-0.00171585707905554-0.00156970566074184i,0.00205856726256131+0.000608813479420145i,-0.00354486422561861-0.00102413016373699i,0.000702624378420128-0.00571069350372483i,0.00381474406534122+0.00261314071394011i,-0.00506102505976551+0.00183216154166706i,-0.00234083216436582-0.00741709996712137i,0.00638055089895714+0.00462570938417573i,-0.00806133492858585+0.00627263595689552i,-0.00520884151180634-0.00772147193994448i,0.0103646483152265-0.00688354216969829i,0.0112715013645266+0.00991020985441484i,-0.0120308348454892+0.0113007221805309i,-0.0157457200658693-0.0044509071131932i,-0.0134042955014314-0.0102707846872974i,-0.00734847067714744-0.0112522704056627i,-0.00376838653505825-0.00891438401159991i,-0.00374156475011159-0.00602741583447332i,-0.00388092026219225-0.00379553692149579i,-0.0021717317066019-0.00115208895648205i,-0.00242905726263545+0.00390213735459093i,0.00235565668016306+0.00688766230149605i,0.00463805820980739-0.000745586402770972i,0.000193926426386013-0.00306004381914381i,-0.00211386757307869+0.00276737673399571i,0.00295829720798711+0.000698334453028223i,0.0011997261541666-0.00206004942189283i,-0.000215563966694721+0.000504415327182916i,0.00165076262826508-0.000258494625426742i,0.000780514488063466-0.00249245206055185i,-0.000904779213573843+0.000265214859533037i,-0.000697101650449023+0.000176337358158083i,-0.000194045311814978-0.000818947619314294i,-0.000409088211887931+0.00110609943927268i,0.000655342746737198-0.00040162720192694i,-0.00066610903743667-0.000983662190542664i,-8.26380486045456e-05+0.000254027427834979i,-0.000428420832532651+0.000796315855790708i,-0.000203233707661372+0.000618807885109221i,0.000647105877329604+0.00029535688800135i,0.000714634348468997-0.000582264051958478i
-0.00105995943374721+0.00217271624661183i,-0.0020714772004374-0.00161274114719233i,0.00123572999973174-0.00250229229016242i,0.00141997103605542+0.0028313798361644i,-0.00147808076103459-0.000938665937559292i,0.00178354032761437-0.00103933355784681i,0.000867454377362481+0.00199081509014033i,-0.00135090703884197-0.000845674744195758i,0.00106028969594833+0.00080757499047233i,-0.00341317806341659+0.00326580974661052i,-0.00320158360005808-0.00128986388231568i,0.00300983166621754+0.000726026330461891i,-0.0035196984538513+0.000981351042951371i,-0.000282254942577525-0.00453907961318064i,0.0045758187000263+0.00142859135360431i,-0.00378273987107396+0.00224608831085338i,-0.00175220602170816-0.00765810123664312i,0.00710204489095154+0.00226119369774584i,-0.0065059016664982+0.00748328221494125i,-0.00712407359168326-0.00725632711579954i,0.00746009928942648-0.00848389010427548i,0.0127346842694941+0.00613350543838263i,-0.00699290448184596+0.0126386699549231i,-0.0130692529772838-1.11807318171559e-05i,-0.0130516447076731-0.00530449856053992i,-0.00694250150663299-0.00835897136935004i,-0.00328257661265702-0.00709906754564975i,-0.00279907886728333-0.00638948114084354i,-0.0029210536780577-0.00328217569741725i,-0.00154569493610585+0.000178050420357486i,-0.00113091513239408+0.00256254575971455i,0.00123213782859383+0.00447286859995867i,0.00346358028170082-0.000675667471556392i,-0.00168083617881363-0.000704979403015121i,-0.000330381124248476+0.00330212627244533i,0.00261580203177672+0.00057325522276087i,0.000562398409763394-0.00259759951909072i,2.95738334347448e-05+0.00100160964859054i,0.00234356851737803-0.000724060728770238i,0.000780213594250925-0.00168917956292726i,0.000118838834994414-1.20500893067037e-05i,0.000235018029058763-7.28657626248243e-05i,0.000199297186040854+0.000942628403506683i,4.58734019883207e-05+0.00100877838361041i,0.0016831985877802+0.00115908764236442i,7.07478547566211e-05-0.00104841703216155i,-7.6995098138995e-05-0.000749005457580975i,-0.00033195217902848-7.13871531299141e-05i,-0.000234721021691621-0.000692996240013475i,0.000108051428974648-0.000612524925370062i,0.00019118836308655+7.82271861259702e-05i
-0.000261531008853075+0.00124062189398943i,-0.00168809834411044-0.00165873695145501i,0.0027637052672496-0.00211089758848489i,0.000150344448542476+0.00237360354008503i,-0.00232308627172369-0.000234518197791985i,0.00135834766806297-0.000893448815910382i,-0.000925924249722475+0.00288370589200424i,-0.00280749073419125-0.0012564193647477i,0.00249989834052768+0.000836593893550038i,-0.00311216817867362+0.0024035694998493i,-0.00332293412322319-0.00273121946605461i,0.00290378149612229+0.00122154487267272i,-0.00231384927008711+0.00291296772340852i,-0.00110833212613263-0.00195745633312695i,0.00489968380461715+0.000968325443613834i,0.000219968547038438+0.00401494840738474i,-0.00315053881246951-0.00417203046785737i,0.00448193349135111-0.00150975925203989i,-0.00245890933741965+0.00452502441375165i,-0.00477710355222772-0.00311743721463301i,0.00414454967238039-0.00513125417959539i,0.00832180437688881+0.00426486928139023i,-0.00378313847150883+0.00960872860818817i,-0.0104911933532074+0.00367983710974129i,-0.0123637346628285-0.00178891329207351i,-0.00879208408628645-0.00448042590217937i,-0.00452214355874106-0.00273953476266156i,-0.00375367319184928-0.00348382255281177i,-0.00576681248501854+0.000479342166707323i,-0.00237220863477936+0.00524173923896024i,0.00376569946988257+0.00455639780325639i,0.00452469511842376-0.000941906234628595i,-0.000327915049174058-0.00396237476573526i,-0.00393459879165469+0.000235457461161848i,0.000211968065358147+0.00331846974614393i,0.00200148828935783-0.00244019528206821i,-0.00104961514205712+2.56868920090788e-05i,0.000729046038802941+0.0012526604030852i,0.00118773190085194-0.00256551878724952i,-0.00129477492019061-0.00117053075227887i,0.00026735243051665+0.00152922086953062i,0.000928817918880285-0.000647858574190572i,-0.000554714665103194+4.01576695013395e-05i,-4.00591733655742e-05+0.00022821365609782i,0.000301912338495023-0.00145806324404433i,0.000141779891004557+0.000871533187712282i,-0.000471365193781324-0.000513988655930563i,-0.00124307868470584+1.37843418882967e-05i,-0.000767702952286272+0.00183166209092662i,0.000472881695141621-0.000800295669938629i,-0.000708681760803004-0.00149346448705799i
-0.000309730168523614+0.00196211329213217i,-0.00114180511281871-0.000614897767621975i,0.0018786216689408-0.00188006802310786i,0.000533785845926314+0.00267793612800675i,-0.00248249675535835+0.000197864849064158i,0.00108004299740581-0.00130377837929748i,-0.000647663405942136+0.00192585548303578i,-0.00299512943332612-0.001511167276646i,0.00239875953252531-0.000145884263801218i,-0.0017495528285238+0.00220070867926097i,-0.00248207258160482-0.00217032141368342i,0.00324505824981859+4.33086446547646e-05i,-0.00201032228488407+0.00421173191932065i,-0.00303806237624794-0.00165037065765926i,0.00501454520153584+0.000429324160872895i,0.00131267453695134+0.00454050717099082i,-0.0044081833272866-0.00149255010255684i,0.00208460195828429-0.00368714763093852i,-0.000992121289667668+0.00371156784468748i,-0.00397872488361332-0.00042182286798724i,0.00201482439770334-0.00265543326229078i,0.00591625039358544+0.00307946251850363i,-0.0027044280536743+0.00708695286834797i,-0.00850790218150538+0.00212086336991838i,-0.0104057831452413-0.0012828268595105i,-0.00385444616855154-0.00613220418017314i,-0.00125521318028684-0.00455810721755281i,-0.00345085893516578-0.00489914604895266i,-0.00660179164408297-0.000363862488903312i,-0.00364658843564637+0.00539738344569363i,0.00358960351367881+0.00558191628644045i,0.0054166642089205+0.000530143806446637i,-0.0020710577751033-0.00453224590190843i,-0.00455929101524519+0.00208181408993048i,0.00190322336893488+0.00375032295119058i,0.000341647324289633-0.00365315854537701i,-0.00303824034137457+0.000778695778688583i,0.00206118582390026+0.00141477479946411i,0.000614710338588155-0.00405628428268332i,-0.00194515277236511-0.00102384749539153i,0.00220701186176564+0.0019416786222679i,0.000338170912039072-0.00106689516886511i,-0.00145874614712164+0.000937914575369676i,0.00171547871451332-6.54422175805378e-05i,-0.000239349639030783-0.00262359151222893i,-0.00205400679413148+0.00192244159807554i,0.000184303202252798+0.000268734062792538i,-0.00100234603755968-0.00105660472312184i,-0.000575925962125272+0.00162688114294559i,0.000736481282567779-0.00148482549538863i,-0.000749196534573255-0.00061069333243182i
-0.000127290306695932+0.00109273374455245i,-0.00135024877482752-0.000373181579548149i,0.00126817261199402-0.000566561885067657i,8.11616689633472e-05+0.00313068618825205i,-0.00255605218370376+3.31092257317819e-06i,-0.000699121194512263-0.00172052209684089i,-0.000678161700248563+0.000295735345929656i,-0.00231810556161161-0.00226943473110793i,0.00207422336299582-0.00123711148499802i,-0.000770299923519801+0.000777108381820968i,-0.00164318092001837-0.00222256013030839i,0.00190995316564631+0.00046061490235178i,-0.00227729940922692+0.00245725429267264i,-0.00316675382369181-0.00115791135376528i,0.00141713418999314+0.000166096765497001i,-0.000738306539027127+0.00282089792341979i,-0.00246867581958722-0.00248407814029038i,0.00193997307646318-0.00022373643862353i,-0.00105671913368111+0.00314469225314066i,-0.00377752143704878-0.000622059774682142i,0.00173843817799567-0.00346879336496788i,0.00549557907776047+0.000730868209909182i,-0.000218186081280555+0.00603640225628186i,-0.00391143706034791+0.0032216968060044i,-0.0046834836852175+0.000479785026611137i,0.000184427592437947-0.00225525244603016i,0.0030528670780984-0.00367176200740635i,0.00186423813865866-0.00551754447537954i,-0.00507758846177262-0.0056863221684902i,-0.00728120073389204+0.00259181548050947i,0.00177906565944254+0.00452922656814908i,0.00501766203973004+0.00021289240063947i,-0.00288820839019065-0.00317493405929023i,-0.00275128787167998+0.00282852698532927i,0.00425176351709303+0.00222216752625871i,-0.00261862829582894-0.00465671368382786i,-0.00369170211508355+0.00253793753369834i,0.00418726019751483+0.00104839839914883i,-0.00286642726735433-0.00505273639539166i,-0.00350091099380358+0.00178070374302715i,0.00395498258186449+0.00289680872946781i,0.00165441932103352-0.00284998063746501i,-0.00153271846956341+0.00190265447132259i,0.00371045328038246-0.000798773628881484i,0.000117499441083141-0.00365170428114574i,-0.00321925072754798+0.00281556226886626i,0.000961791350006114+0.000862214484869305i,-8.92914532063463e-05-0.000829146854610279i,0.00070751254696123+0.00174686995297208i,0.00243420873558332-0.0029103537664699i,-0.00100543122195463-0.0013839637952265i
0.000938716797731837+0.000609610454132859i,0.00116539669703744+0.000680209893773961i,0.000180512346200364+0.000387487347343056i,-0.000868714692119899+0.00178923014187506i,-0.0021581599742601+6.78812656121063e-05i,-0.00138186670385637-0.00163227210580923i,-1.91453842434712e-05-0.00179019668102224i,-0.000520877879032146-0.00151310614344351i,0.00136833205801609-0.0018457118170146i,0.000115399702068462+0.000192791914413507i,-0.000253835983956074+0.000529823817297824i,1.47293678013634e-05+0.000112740571929742i,-0.00100296568960187-0.000988595996057765i,0.000191566018395886+0.000454047560183353i,-0.00159158917416703+0.000211475285595597i,-0.00201703381156363+0.00107828038168077i,-5.3405901896419e-06-0.00250173161633574i,0.00393320412931502+0.000974814458402271i,-0.00227365129222381+0.00403299765219616i,-0.00429408166395307-0.00341819524282153i,0.00170724349825045-0.00447407431386759i,0.00735879650300459-0.000246297994183551i,0.00122712433538767+0.00477996512335102i,-0.00126145516298134+0.00328335104876608i,0.00120145899109711+0.00145745111495198i,0.00520734316633681-0.00040371307685072i,0.00751657605180171-0.0027946115775406i,0.00655695256721263-0.00824467383089458i,-0.00523963155643887-0.0100486743138886i,-0.0103632689696456+0.00172680120507487i,0.00179197328423646+0.00882907648135374i,0.00767671479594801+0.000639452450703897i,-0.00143934473453375-0.00735864872625948i,-0.00376002720137156+0.00287687962619719i,0.00372020233507666+0.0016229673426209i,-0.00173829905391084-0.00551529628540171i,-0.00471530811396209+0.00258571277838169i,0.0043266053015692+0.00208455806413759i,-0.00273881864873353-0.00547637987426366i,-0.00504595888425891+0.000689651198920125i,0.00443011660606379+0.00235850535740634i,0.00182014455217631-0.00381907714127154i,-0.00126803273870392+0.00217141121389735i,0.00375750176592765-0.00107654911793385i,-0.00133411583332787-0.00449315217099606i,-0.00246146971210706+0.00306357799645906i,0.00257206240769852+0.000700355314139775i,-0.000816263014363994-0.00162213804043683i,-9.08080375654891e-06+0.00208924054689077i,0.00175670074377192-0.00200309074838571i,-0.00154871484770529-0.00186361724756234i
0.000575068352923931-0.000755438575770535i,-0.000635986092176806+0.00155168792090217i,-0.00241860244446084+0.00144587141352334i,-0.000744745331119717-0.000905751849557433i,-0.000957793484791227-0.00137955744061538i,-0.00126051552736223-0.0013988632344905i,-0.000380550713876569-0.00327583601606679i,0.00155864558166511-0.000603813000024848i,0.000597971956194707-0.000179156764400571i,0.00213585546897269-3.87842532609843e-05i,0.00204052452160706+0.00221309582683077i,-0.00218580012003227+0.000357820913844474i,0.000102604769166719-0.00103123796074126i,0.000722922182889855+0.000597920966592812i,-0.00175939349368337+0.00107616548506569i,-0.00269701956743706-0.000232015694592305i,2.45044665408084e-05-0.00100920252765913i,0.0012035260162068-3.96553354720741e-05i,-0.000250988734071525-0.000510034337787724i,0.000339287136672402-4.62955366988414e-05i,0.000264127421494504+0.00108300478344308i,-0.00110748127560769+0.000879201404381325i,-0.00209229032078004-0.00236733221765119i,0.00203426918900781-0.00361167912495487i,0.00611222060053136-0.00447146466434281i,0.0116881165641802-0.00453449817626717i,0.0117094726289935-0.0113967480711156i,0.00349204580176495-0.0158878013215026i,-0.0128333684189644-0.00871475451681618i,-0.0139001111959165+0.00793756761957846i,0.00377774442528081+0.0122175318031895i,0.0106441388071977-0.00116451242074131i,-0.00378155374636806-0.00964340662702863i,-0.0068203631870414+0.003296786457213i,0.00484924379238294+0.00399059181055127i,-0.00172100888230409-0.00558915947288717i,-0.00620816745073874+0.00349682569000544i,0.00383742231046503+0.00197148354224075i,-0.00236830809647404-0.00303283271358904i,-0.00336356132239357+0.00286580700857619i,0.00492436845395373+0.000432728278205056i,0.000837130931879637-0.00392206639462722i,-0.00120504243063268+0.00164916652718461i,0.00141305087504456-0.00111188731564368i,-0.00357847784207543-0.00173314426498236i,-0.000669433316630442+0.00397426551525397i,0.0027253759714615-0.000822238978673965i,-0.0013589432921049+0.000119028555972333i,0.00042610531761003+0.00236656234309471i,0.00112785533876367-0.00227681511288221i,-0.00355099439048342-0.00101989429710846i
0.000366441597926775+3.34938380936283e-05i,1.54764454188754e-05+0.00167062520039667i,-0.00135496710478154+0.0018974770600625i,-0.00145877977720201-0.00163604868284419i,-0.000200957716840601-0.00128612551114442i,-0.00121656213605698-0.000193196937750244i,0.00010059760093869-0.00296860607071298i,0.00310912389208642-0.000805481481919168i,-0.000636780924609447+0.000645795222602947i,0.00130645472628637-0.000937931245712756i,0.0027287454760197+0.00104007200998326i,-0.00206024269233148+0.0014057133804704i,-0.000275068344707856-0.00277171700772314i,0.00135552554787847-0.000377772781028585i,-0.00196288586672361+0.000161818672132995i,-0.00183914259666695-0.000449864595661263i,0.000290616451732367+0.00256766585139853i,-0.0031563203024095-0.00139652006537676i,0.00178802139954558-0.00601421396488788i,0.00601876184827546+0.00284071918757133i,-0.00188175428281291+0.00946589885245987i,-0.00913035235247975+0.00438314792855638i,-0.00498338416262785-0.00893492212873446i,0.00433485203058992-0.0122905362941737i,0.0115424828601718-0.0112491770510019i,0.0167218967877098-0.00923425827063462i,0.0142012778161826-0.016120034942374i,0.00441456193845505-0.020950130194629i,-0.0142874527605724-0.00952407643578063i,-0.015539952227133+0.00897230642429193i,0.00520534076435759+0.014653324650452i,0.0119772475896459-0.00201635798451581i,-0.00784549277107869-0.00900620826441803i,-0.00771536282508119+0.00534840518414583i,0.00535876969310194+0.00489297783998463i,-0.00156104528243816-0.00544686496154888i,-0.00524148030706247+0.0042873006659274i,0.00368149371329477+0.00484325680845509i,-0.00149652696940681-0.00287397787442702i,-0.00303157697319395+0.00216166110934735i,0.0036439687955111+0.000516336697972251i,-0.00078561740258809-0.00396653575404581i,-0.00188710893050189+0.00323683288514217i,0.000937800418678-0.00138445214772696i,-0.00372614149890421-0.00239523691717743i,0.000290268101600643+0.00449116380009444i,0.00266963162863867-0.000694922926111594i,-0.00214868800148978-0.000674926359895323i,0.000995361551621239+0.00185332566957651i,0.00103950571391761-0.00213979179754024i,-0.00214857295321972+0.0012743296821543i
0.000512030108279101-0.00154613369942385i,0.0010273887302529+0.000447302117555276i,-0.00173608556086491+0.00140605482345342i,-0.00199726171685929-0.00249344318671505i,0.00102195332947035-0.00177292453013331i,0.000565143952635065+0.000524133362039142i,0.000193008941851212-0.00140445271105044i,0.00337729667800071-0.000115761124354238i,0.000519041839428446+0.00140097097848418i,0.00116477156683612-0.000491417217300963i,0.00205000973853512+0.00105984750299168i,-0.00138805155574573+0.00185868639689763i,-0.000401904932953035-0.000635963661981603i,0.000239308769403741+0.00101975945379864i,-0.00307817325507857-0.00145805254398398i,0.00106282557324343-0.00208719714705552i,0.000916052059527125+0.00470179051477035i,-0.00774093302168971+0.00112462100005919i,-0.00166668726775295-0.00928294102439382i,0.00818849865649769+0.00132784926305087i,-0.000825849887931434+0.0138872929811267i,-0.0115012781181506+0.00710465784913203i,-0.0059414362070645-0.0130011319859775i,0.00668192438951403-0.0161943999137283i,0.0141778730157858-0.0126125044566989i,0.0194335868326053-0.00862009616673299i,0.0136183175977655-0.016584592227596i,0.00230775481173871-0.0205647883798507i,-0.0134726068780239-0.0056564028709811i,-0.0117487974762663+0.0106908669105105i,0.00898075823672061+0.00819131952939778i,0.00801365789216134-0.00437168241689446i,-0.00839251236224086-0.00421866919533229i,-0.00536267522363223+0.00700079084200227i,0.00654674692078298+0.000480904205845118i,-0.00449355945011637-0.00319615551811215i,-0.00286050215851323+0.00587087153483984i,0.00613162273418898+0.00202069727832114i,-0.00241050499826455-0.00199564058052705i,-0.00215882384992072+0.00317032865642267i,0.00376004967489275-0.000170305138127742i,-0.000575795596977578-0.00353299189360394i,-0.0010468800599807+0.00166529634967086i,0.00120635128372692-0.00148495973228655i,-0.0017900075806015+0.00143741891748752i,0.00185767012590113+0.00255381240527708i,0.00289045236520855-0.00223615496052662i,-0.00234241050521004-0.000507303848065046i,0.000848113735976632+0.00168436910076454i,-0.000869349426015772-0.00123746113403843i,-0.0022495984587153+0.00125884689679905i
-0.000779512005705623-0.00103799258433399i,0.00122921522270955-0.000332146320666467i,-3.39301397918447e-05+0.00142614663518927i,-0.00174652118353608-0.0018936356272974i,0.00158351569537283-0.00327530825969547i,0.000699781143267325+0.000597765423397888i,-0.00046316987890029-0.00162533795329311i,0.00281530813317955-0.000494083782593825i,0.00110297762103104+0.00147768303582268i,3.98087606492164e-05+0.000280452612245154i,0.00112431840637421+0.00131009325559952i,-0.00245416772032775+0.00156323558730649i,-9.10997141986728e-05-0.00356944876858101i,0.000227645455954035+0.000127475793948311i,-0.00505288597590489+2.38273054749752e-05i,-0.00158377325827744-0.00590749077983914i,0.00428954094767591+0.00174369909170965i,-0.00687081604423944+0.00545748876658969i,-0.00645379924544227-0.00779283839733538i,0.00715646008964795-0.00256990247168268i,0.00469392807113741+0.0106061994143366i,-0.00795666733845416+0.0101077967124991i,-0.00839131713167161-0.00841853751844731i,0.00139354961530898-0.0159041462037519i,0.00993457137451052-0.0140856194488711i,0.0150533709356145-0.0141854462055722i,0.0094072430694135-0.0162247339599649i,-0.00129924053837379-0.0177063001601378i,-0.0135336934444305-0.0039047310770154i,-0.00716215393700185+0.00980928176850469i,0.00901733700188405+0.00422003112148107i,0.00430232670048772-0.00658407522940179i,-0.0081309141063334-0.000501062513899469i,-7.2605616296904e-05+0.00686592891180189i,0.0048326521518474-0.00202823627140805i,-0.0056399008490174-0.00165068561758353i,0.000494223921206073+0.00636101069295256i,0.00420984231209889-0.000848029198331574i,-0.00395282088761951-0.00205071388045833i,-0.00170868358427193+0.00369358681920451i,0.00644538799981278-0.00215671592608663i,-0.00223495584464368-0.002406218180777i,0.00151882584818266+0.00187025161748268i,0.000994284361958869-0.000874796952504317i,-0.00157922513304168-0.00176074478209175i,0.00182774053265814+0.00204143957858971i,0.00160146637028017-0.00286443734106211i,-0.00268445441446635-2.44013329487152e-06i,0.00173916179711698+0.000384811054727757i,-0.000223465435106315-0.00132840189405898i,-0.000355490088154545+0.000953803726613762i
-0.000133495420577542-1.43715208723283e-05i,0.000868953056393356-3.40660525748358e-05i,3.43242885324087e-05+0.00107444293650024i,-0.00169409879187421-0.00138012748927959i,0.00190923996482079-0.00291460331365023i,0.0021114284007437+0.000956275712192714i,-8.92149212261789e-05-0.00103787502481868i,0.00263823861437727-0.000825184019243072i,0.000808387099866538+0.00237547542125947i,0.000247583234116611-0.000302450618765294i,0.00345284870600455+0.00230865488759636i,-0.00303992780688483+0.00148719838407539i,-0.00125047812234309-0.00361351144663316i,0.00319170591752209+0.000493707609257147i,-0.00522326551062878+0.00286407574511116i,-0.00610153110170106-0.00476278633961204i,0.00353458932559772-0.00166365967440064i,-0.00287283876288544+0.00726615316493716i,-0.00667770667369038-0.00442713166817162i,0.00502515810881808-0.00538045064758782i,0.00850450789070469+0.00557797435468493i,-0.00216571235082727+0.0105026988483367i,-0.0114550196017373-0.00496234336824419i,-0.00590948346691649-0.012475653057539i,0.00187419498008822-0.0161382429927273i,0.00440785002467216-0.0168864154445208i,-0.000254349843390092-0.0174400667869858i,-0.00952099001796409-0.0146151560272906i,-0.0143938579558069+0.00270899519017434i,-0.00289564801289108+0.0135810084990161i,0.0101324260109365+0.000352918382566662i,0.000128301465132239-0.00724355135266215i,-0.00654085271520645+0.001764084961136i,0.00160732019883458+0.00600203040710142i,0.00295638505111829-0.00347531936707781i,-0.00467396046049005+0.000191792765490853i,0.00305278773003648+0.00496130210441132i,0.00408502169607424-0.00310488854038196i,-0.00433866864306779+0.000106562415394232i,0.0010358706047271+0.00293773425434798i,0.00304594868292649-0.0037342600349252i,-0.00314575141216558-0.00108072865486677i,0.00145207774013841+0.00362907313092835i,0.00095690099601257-0.00251941394499617i,-0.00214628920077418+0.000358495224760469i,0.00238651936328256+0.00106790055312039i,0.000612383045670841-0.00201440450131026i,-0.00262391102619756+0.000831705213404077i,0.00208815515065076+0.000360933758817497i,-0.000405164328676181-0.00110378731041999i,-0.000744411152529528+0.0015504551311651i
-0.00084959773439365-0.000233274293068297i,0.000719089526741669-0.000107763821563912i,0.00154626820194655+0.00094603578191559i,-0.00269055483241036-0.000266944294653809i,0.0010370470360639-0.00281301504802415i,0.00162638090646512-0.000733587675800655i,-0.000424209855336601+6.65999700151336e-05i,0.00195293416521558-0.00125672318675285i,0.000119397229647491+0.00214490950136223i,-0.000668124637735955-0.0013536010279368i,0.0035687802351629-0.000733135696119128i,-0.00221123529534828+0.0054722744810574i,-0.00261965631664191-0.00168645224469537i,0.00339026929821666-0.00159113055590282i,-0.00137567489224084+0.00465704572582278i,-0.00766868124756775-0.000502223337897055i,0.000425284044164057-0.00382084268681775i,0.000970532271792697+0.00545025289278539i,-0.00637298155278621+0.00167193048039711i,0.00122316422469522-0.00675931063666865i,0.00878910758960721+8.25929383592096e-05i,0.00414367439193447+0.0105307757205552i,-0.0105491900601174+0.00407778086861774i,-0.0134031793538633-0.00617789203405696i,-0.00830357341556492-0.0132360510070396i,-0.00653316077874284-0.0151635706427782i,-0.0090493140984411-0.013359837995324i,-0.014662600069887-0.0069342330355362i,-0.0121944079353343+0.00984518550635666i,0.00272174834573808+0.0137850412714888i,0.00896296928698797-0.00189581600221673i,-7.54702750747089e-05-0.00691928801091354i,-0.00700145382564912+0.00320714940346419i,0.00251841968210719+0.00512231032342884i,0.00216366379494488-0.00420865176508128i,-0.00398515024493184+0.00139065668155954i,0.00247066547101045+0.00273945016442085i,0.00172752315393089-0.00397889784500082i,-0.00381452229967008+0.00192841574898966i,0.00213721182950017+0.00259460956182038i,0.00110286489679687-0.0033807974698404i,-0.00385759833927906+0.000906851364302596i,0.00382761414430445+0.00114802851491817i,-0.000347772782955047-0.00289632651661587i,-0.00316447937390485+0.000224256420231592i,0.00271352720417575+0.00154744247063856i,-0.000621746701796547-0.0034346372814315i,-0.000932239183606491+0.00154209357223921i,0.00185296586510513+0.000147269087058166i,-0.000895758707330742-0.00117939015573462i,-0.0010200818533848-0.000242343121487409i
-0.0010622944299417+8.98776277495294e-05i,6.86523106219245e-05-0.00082397680299471i,0.00110198024080549+0.000543819156413218i,-0.0027360417148553-1.43616843127854e-05i,0.000702049861039024-0.00257663725714452i,0.00202031414878832+9.31287439081678e-05i,-0.00153833223032636+0.000374742564232583i,0.00277047401870097-0.00255598325602741i,0.00270340928205529+0.00192771843211837i,-0.00186495163323291-0.00108530911557551i,0.00252438802239772-0.00268768721620383i,0.00171266355313848+0.0045462499017795i,-0.00285261440655954+0.00156331997291955i,0.00124321694851024-0.00278965935074321i,0.00268525922894271+0.00461191095335541i,-0.0040768101342307+0.0036892635437733i,-0.00164637992329451-0.00330274536228427i,0.00554480909388626+0.00400088789441019i,-0.00382058113916461+0.00427608255594763i,-0.00212324444538709-0.00505611261990553i,0.00683137680696044-0.00347252013382826i,0.00763826459695343+0.00588841467717673i,-0.0057780118887191+0.00926753449116977i,-0.0113276043011195+0.00337831868598656i,-0.0165453651808666-0.00235854098287131i,-0.0138212975128289-0.00662988728984599i,-0.0126472146558799-0.000120022162958671i,-0.0104172148609992+0.00499275228617231i,-0.00196415855023941+0.0132491969733286i,0.00805679754058764+0.00623273624058084i,0.00488103873927536-0.00802707814863742i,-0.00489653443511736-0.00554039506480068i,-0.00301811883241143+0.00585582733748947i,0.00550689400630165+0.00231199057452372i,-0.000171925992561889-0.00440620100505939i,-0.00340172741464234+0.00277881342400887i,0.0042050685727152+0.00176799418204725i,-0.000174796828881244-0.00372960531459869i,-0.000957353133147583+0.00274897968215645i,0.00246446803973617+0.00199229056636996i,-0.00129702674764594-0.0028136207302982i,-0.00163865424597097+0.0020259851986418i,0.00221752551010208-0.00117316729757878i,-0.00247344463213125-0.00261929885684155i,-0.00295456627907135+0.00219185394055514i,0.00277806215203835+6.36280943196376e-05i,-0.00169138417089538-0.00130924968947186i,5.07522308526183e-05+0.00330620191428177i,0.00381507987964433-0.00100649188085893i,-0.00246728831281374-0.00108897702280457i,-0.00127286660644186+0.00142414583669714i
-0.000423789111268362+0.000404271553507691i,-0.000358402816743505-0.00101292809433633i,0.00106633885793533+0.000254618933352713i,-0.00208364904706142-0.000881438940038487i,-0.000742162107861895-0.0026958737839772i,0.00301269013604435-0.000468155955344673i,-0.000853608579414321+0.00162567005213299i,0.000596113057207704-0.00253444157099607i,0.00244880273394614+0.000690661013004174i,-0.00220845206622857+0.000600474705171183i,-0.000583380522062562-0.00327754811242718i,0.00500813049649614+0.00260647751441392i,-0.00142435526491856+0.00256522205556901i,-4.96074442263169e-05-0.00251080403044435i,0.00432704014216936+0.000800036101091106i,-0.00124596383523642+0.00359855064405643i,-0.00311573218664062-0.00209736082014371i,0.00511807663451156+0.000835503944758071i,-0.000324581848895024+0.00340360796623678i,-0.00485408255747685-0.00332161156825958i,0.00196313459443514-0.00678166725699993i,0.00651636372229208-0.00119469958465586i,0.000667829775539281+0.00812204575671911i,-0.00517595665024175+0.00646693609039745i,-0.00787826789538612+0.00302031882858066i,-0.00975872554345206+0.00261125958567346i,-0.00911161921531708+0.00521583577277161i,-0.00466706769934641+0.00799775876175854i,0.00473589167395252+0.00808008789963681i,0.00816563811493374+0.0016920751177795i,-0.000567406015796795-0.00755324245480465i,-0.00575141286209808-0.00239371706163161i,-0.000791533280718268+0.00571280680155759i,0.00523361504177497-0.000863737067292719i,-0.000948178396209049-0.00439187249218251i,-0.00190238669128915+0.00304500438361104i,0.00355137179898657+0.000509502317681014i,-0.000937304438106548-0.00224120452437484i,-0.00121272849298286+0.00201580130755789i,0.00319760609715322+0.000769254220721763i,-0.00190168173128269-0.00238867828944492i,-0.000390167391915046+0.001654281340519i,0.00118650030025738-0.00124872170003368i,-0.00330335069692239-0.00291357628732846i,-0.00186391498939783+0.0018255984876162i,0.00303008745000507-0.000614659434013632i,-0.00175087880740182-0.00192046449245326i,0.000933271126954568+0.00324465209293145i,0.00141981101177917-0.00136490711668206i,-0.00285011979336565-0.000638902919509723i,-0.000634334271276842+0.00184897857618207i
0.000778133053376234+0.000957924066821922i,-0.000159987756687268+4.66658251087736e-05i,0.000780660270603242+9.86857985418992e-05i,-0.00145340488538193+0.000892982105747117i,-0.000834125902621275-0.00226832920794293i,0.00265964822240684-0.00215527922784472i,-0.000477927842281299+0.00194657555885772i,-0.00148878961865329-0.0019901414342421i,0.00329039523121217-0.000943341690081278i,-9.93577294421624e-05+0.0019100964550507i,-0.00173303734200382-0.00209042886721459i,0.00366671571994206-0.00145999280329455i,0.00162580689657789+0.00143236330927471i,-0.000104354476619258-0.00091558848690773i,0.00325066461945781-0.000959963789541431i,0.00172195511443596+0.00204812183476081i,-0.00211545903424968+0.000512572294288464i,0.00308421580456992-0.00257020838167497i,0.0025312005727382+0.00139000498588987i,-0.00399699110452598+0.000756716439355267i,-0.00328032856392006-0.0033712923086703i,0.00169563531009856-0.00344660502839662i,0.00433243087932896+0.00118004436976627i,0.0016585340509914+0.00483865650912876i,-0.000684379205709529+0.00544727816563237i,0.00150527963413632+0.00481244688853739i,0.000639224023604515+0.00520640348639798i,0.00330307854752917+0.00521968539327034i,0.00604006329157813+0.0009689690498409i,0.00300047473999499-0.00392417069768623i,-0.00360383516998258-0.00172939649218727i,-0.0025127110419983+0.00378641171721342i,0.0050070602593626+0.00205634386422422i,0.00181916805385964-0.00422673769246639i,-0.00304986765492941-0.000333711708944436i,0.00149410872450195+0.00314372897072197i,0.00249248138575479-0.00189540049340037i,-0.00160399916165699-0.0013612163596689i,0.00180796621091973+0.00231857024242605i,0.00382845865137995-0.00107973314776158i,-0.00105376763537701-0.00138002944790849i,-0.000646103332776456+0.000712299563037297i,0.000453095330384373-0.000883191186490143i,-0.0031836498735553+0.000628443354532006i,0.00123299660050896+0.00349149639140232i,0.00121156189995364-0.00140823798059277i,-0.0014359223744096-0.000459909852239538i,0.00216673396064699+0.000841535413529979i,9.08628621950665e-05-0.00164458158416927i,-0.00184167232166981+0.00152096851601232i,0.00160306688806249+0.00243597960335086i
0.000282561537954217+0.00050699828324714i,-0.000887696018728311-2.47248001001028e-05i,0.000786651002717163-0.00131765545337052i,-0.000466205802446365+0.0020778702849906i,-0.00261914112441796-0.000969591122072756i,7.94606338696971e-05-0.00303260948916458i,0.0018243377108649+0.000215173040880908i,-0.00265426339408957+0.000327333842592252i,0.00186875123099059-0.00274618984342392i,0.000868906517515326+0.000161457880764528i,-0.00160551571204758-0.000293638883662352i,0.00183913847488766-0.00316991170346121i,0.00164175993582093+0.000205316156159145i,-0.00145502827252137-0.000521327975688235i,0.000976943455655254-0.00246228443076322i,0.00223018177059013+0.000558731050016384i,-0.000611126743329791+0.00030220317175704i,-0.000220376541080658-0.00252183434676113i,0.00183367037342875-0.00120544479489977i,-0.000816271348193366+0.00145824736480826i,-0.00302254619627698+0.00210903419387115i,-0.00142243272579481+1.22442463470328e-05i,0.00130660057121817-0.00159486879154712i,0.00217089943522792-0.000202690429438842i,0.000594578532152361+0.00131577062100224i,0.00139111071782424+0.000883593940525806i,0.0019256875561912+0.00145512965451365i,0.00303084908153217-0.000314805069172681i,0.00227813932864173-0.00290861451036547i,-0.000422382186057281-0.00208813897370387i,-0.00274221401202663+0.00244410497414705i,0.000747260031799701+0.00283634292330058i,0.002196251749548-0.00226604091377564i,-0.00128252994503024-0.00315139334218917i,-0.0027000198398358+0.00282096698915746i,0.00355906408842692+0.00181314457320503i,0.000857067798943848-0.00277649871628564i,-0.00181709314759657+0.000279918991450842i,0.00213031642981278+0.000780871247053126i,0.00172951599161282-0.00208430083202701i,-0.00154982605483395-6.50919472642048e-05i,0.000228956459527308+0.00153232955918053i,-0.000286188492802054-0.000528307287498841i,-0.000864746057785669+0.00102710688695527i,0.00122623784236815+0.00199076664196957i,0.000257627948295374-0.00206005538836555i,-0.00096950858429922+0.000938416269540492i,0.00129425584320591+0.000457689834192652i,-0.00197211078894637-0.00190501851621845i,-0.000546849936250379+0.00243235844434059i,0.00174078762177151+0.000849051224090811i
0.000997400139197887+0.000410337106862726i,-0.000989604835881653+0.000923347681740458i,0.000105859517723869-0.0013664877960485i,0.0017012513196233+0.000981870923178692i,-0.00235857949924065+0.00069353490060032i,-0.00210781886834937-0.00174495979402373i,0.00240952930157135-0.000912970857985698i,-0.00105822047757416+0.000865995024031609i,-0.00118872758759536-0.00208079362160342i,0.00139532252598097-0.000521710922790981i,-0.00157336902205514+0.000206892094078978i,-0.000120484850070033-0.00316244597928686i,0.00100489765269474-0.00103127375478692i,-0.0006484514942597+0.00044317825178384i,-0.000915710376351011-0.00195279476892775i,0.00170760293727513-0.00142030998137621i,0.000330583445608691+0.000612587258466184i,-0.00292432808867057-0.00111653051580169i,-0.000896021573875633-0.00173249148093984i,0.00038556208075777+0.00137174414307555i,-0.000674399954753744+0.00275568244773812i,-0.00116671107413728+0.000427006728305501i,0.000506910060455098-0.00165849288140595i,0.000373392465460044-0.00150670836193318i,0.000620195474337039-0.000491207078736795i,0.00171615845308365-0.000769783961499245i,0.000462333246340727-0.00191803404589625i,0.000591708646647139-0.00124193001975579i,-0.00101614564735348-0.00227591019815894i,-0.0015297303051691-0.000451718351976862i,0.000746263699308179+0.00199995635622252i,0.00205024964262704+0.000469937957203188i,-0.000211802899277459-0.00276258107944624i,-0.00182588383458581+0.000192862358475421i,0.00146796227644127+0.00288201290337103i,0.00113931057726224-0.00291277508542974i,-0.00128590288193128-0.00277058953440155i,-0.00172220948402241+0.0021473275717496i,0.00218886342107502-0.00107531955226337i,-0.000896232328540689-0.00283955590838215i,-0.00217941369254413+0.000928782387638052i,0.00202623404085237+0.00144402225736037i,-0.00153738996394717-0.000892647860313149i,-0.000183603748912814+0.000281939935422535i,0.000849576853334339-0.000356592171329666i,-0.000334137256852795-0.00120939278994848i,-0.00181145192839302+0.00152034351903062i,0.00140518696239148-9.70436760444867e-05i,-0.000915767047150926-0.000207801114214341i,0.000498139318568779+0.00177086899258904i,0.00115414037670814-0.000343035841905725i
0.00183711129155212-0.000314825210789934i,2.73447707285064e-05+0.000911120709453936i,-0.00179287521061438-0.000181757790029933i,0.00239880257100639-0.000126164647915841i,-0.000582149258510653+0.00190104726717279i,-0.00229309107422494-0.000366434549582918i,0.000356849618684335-0.000694911091098343i,-0.00038878346949614+0.000343129190770118i,5.01635071710733e-05-0.000176442360495701i,-0.000190425946277857-0.000977616976381334i,-0.000773715861092148+0.000168859017508442i,-0.00226226105823431-0.000825162210814477i,0.00019554749167716-0.0013389808453065i,1.07457614942956e-05+0.000714140842023753i,-0.00244086582354485-0.00075497335107457i,-0.000534129593097778-0.000622770912572141i,0.00152393240838353-0.000288163484068069i,-0.00143439942617921+0.00114064281141548i,-0.00211618815628717+0.000534237588967739i,0.000385611350140187+0.000856231513246345i,0.000580676548525935+0.00138458044918623i,0.00056336549050874+0.000784351902821583i,-0.00159649568632843-0.00168259158678396i,-0.00137401785010712-0.000970574712023588i,-4.73311258213907e-05-0.00103769783585478i,0.000520945273464083-0.00108833532164238i,-0.000115966900064346-0.000311801613311636i,-0.000910917269248276-2.87364651489614e-05i,-0.000173074634835972+0.00193969954094293i,0.000546592058386653+0.00195513917988249i,5.79066180090499e-05+0.000210582680230491i,0.000319992124290033-0.00075667574755565i,-0.000749236686999656+0.000246477456699i,-0.00145066588061752+0.00164236682725562i,0.00100519725387634-0.00181039253830007i,-0.000999890357904485-0.00123750541890028i,-0.00245527445422138+0.000668496189902182i,-1.92030384832836e-05+0.00137594050115006i,0.000435738289348436-0.00201808102469042i,-0.00199759842841006-0.00116770127598619i,-0.000583642319359454+0.00228651697234146i,0.00164964850054495-0.000740166598350034i,-8.77278407632687e-05-0.000122455158882974i,0.00074787936744651+0.00136494697363986i,0.00181155666307562-0.000304224285149486i,-0.00112024320339368-0.00049191493680923i,0.00020565529591934+0.00199733532169775i,0.000156287090374113-0.00049375398524222i,0.000158904485791779+0.000996859842900646i,0.00136376284735794-7.95874945772881e-05i,0.000864126546975173-0.00127357709658833i
-3.08521821627882e-05-0.00128951545105044i,0.00129488042874623+0.00030577123498015i,-0.000426470675706124-0.000211858268029773i,3.73866935818063e-05-0.00104928546660024i,0.000861673798363302+0.00226711982175603i,-0.000440294012105628+0.00214292007442512i,-0.000656662130080031-0.00114682732052066i,-1.39159360451916e-05+3.53164914279816e-05i,-0.00190762680417709+0.000290883933969118i,-0.000598895988957376-0.000573066284514619i,-0.000145063301805205+0.000497940613693859i,-0.00271150841282927+0.000898425445832675i,-0.000686637957663759-0.00145545287240762i,0.000296106490926904+0.00102633714176883i,-0.00172688758586824+0.00184700473907896i,-0.00236339677416069+0.00102219285356492i,-0.000210666805862912-0.000631120399439993i,-0.000559934635387314+0.000739616727997011i,-0.0011551828498843+0.0016191318355794i,0.00163254689736173-0.000264441157552251i,0.00144761954573046+0.0005848871197092i,0.00115795640548267+0.00112858814613332i,-0.000950569484249132+5.73858149151208e-05i,-0.0022714558874274+0.000121753236635713i,-0.00109018741600555+0.000688158078265515i,-0.00106576623855234+0.000489792549581158i,-0.000895283555663844-3.60153180490002e-05i,-0.000380383243800317+0.000195353941187446i,-0.000675912983839713+0.000139794217221072i,0.00110013002076925+0.000594905190483246i,0.00147217022120803-0.000456083704161228i,-0.000675528901686981-0.000424311444261415i,-0.00122644814752407+0.0011014789638366i,-0.000307651960899793+0.00052603854143472i,-0.000939894077662523-0.000457824476886087i,-0.00175228318029267+0.000533473772188608i,0.000259628583176676+0.00121284902259828i,0.00195152144836357-5.75890613791754e-07i,-0.000605292177079327-0.000926060010481769i,-0.00149278117187193+0.000937270781457253i,0.00161696661743842+0.00157446313446816i,-3.75872327720652e-05-0.0020635768208i,-0.00051920858745574+0.000865255017654785i,0.000235102017536384-0.000227417011873728i,-0.00046522968307263-0.00150481859066609i,-0.000895050102183218+0.000224948283693292i,0.00134394351820283+0.000841808944180623i,0.000516843833013667-0.00118442050491843i,-0.000675467275108535-0.000616694677191948i,0.000943624590588947-8.26032729806537e-05i,0.00033275406374066-0.000503773831383729i
-0.000646011723453219-0.000378625202811896i,0.00245179294554307+7.22994532150573e-05i,0.000107828985087044+0.000762419456679825i,-0.000925309472027987-0.000395801517076816i,0.00159254458217118+0.000129610692647731i,0.000269416011318377+0.00160421896211788i,-0.000454339600205088+0.000290575267597844i,-0.000377875732521735+9.30902721524791e-05i,-0.00123939948395617+0.000808066683766183i,-0.00116224504033211+0.00105972318017253i,0.00042365794759898+0.000356234568816469i,-0.00110373512745612+0.0024697928038338i,-0.00114483025144803+0.000382385765337026i,0.000770407356907413+2.6754030485533e-05i,0.000721104888514681+0.00116203555951649i,-0.000737266050136566+0.00256328021337812i,-0.000951982704204454-0.00055010883882627i,-3.03763296464826e-07+0.000305727075904888i,0.000685058093180416+0.000959506589649159i,0.000275373205112422-0.00044843345720329i,0.00158470080097278-1.11402530334094e-05i,0.000932002499391182-0.0015402408621346i,-0.000476479235357756+0.00075720811020715i,-0.000187087544041196+0.00164631717071118i,-0.000163785125180718+0.00171767441531375i,0.000186262424831437+0.00196139708830165i,-0.000165411716465803+0.000706464053020182i,0.000677640528615057+0.00104737692053184i,0.000142971987181909-0.000694880048204682i,2.57336474962052e-05-0.000723208768254797i,0.00050107507870208-0.000245355688385764i,-0.000212317388446663-5.97109154003029e-05i,0.000676139815450594+0.000685455444378412i,0.000357044610970403-0.000570298984308882i,0.000521766326406549+0.000582508800807376i,0.000641497510782541+0.000723603213193395i,0.00179828745632256+0.000465319049981431i,0.00133596808289371-0.0017504475396558i,-0.000987253197086144+0.000428345773877368i,-0.00121458281639643+0.00164841650011352i,0.00132900279192486-0.000242302343775654i,-0.00182279802830678-0.00196581523656783i,-0.000510478184483208+0.000622084647522634i,-1.80587337237968e-05+0.000853485336964697i,-0.00107706363778814-0.00121892023409439i,-0.00021794084609346+0.0019515666732754i,0.0013615646548678-0.000442435267714806i,-0.000419320138468492-0.000837279247049552i,-0.00156906336564966+0.000333515518069258i,0.000555391335573213-0.000271478097213012i,8.66016492305002e-05-0.000421468771270975i
-0.00144027223014749-0.000513232723911351i,-3.16861194860941e-05-0.000683190832798023i,0.000958818367620816+0.000303491367834518i,0.000366295960263536-0.000867736236007044i,0.000260274019789278+0.000404591115765686i,0.000691643101087726+0.000686898737544254i,-0.000168646827689954+0.000672153499103775i,0.000529916012225493-0.000212338493550058i,0.000202719463941437+0.00185024037610035i,-0.0011010285867624+0.000200483150701397i,-0.000743287143040942+0.000327125564901188i,0.00127224529280881+0.00151578374064613i,-7.59151632545501e-05+0.000522815225709496i,-0.000712525024248201-7.08333581188336e-05i,0.000611128995922296-2.06487313672989e-05i,0.000792645557691596+5.1933060650285e-05i,0.000450410840234153+0.00010217476751366i,0.00028770029210076+0.00110910371201139i,-0.000225106384577771+0.000866355937059908i,0.0008734690564472+0.000531413358954163i,-0.00109847826741483-0.000557613612171684i,-0.00224139763805187-0.00143163240003295i,-6.49495437213926e-05-0.000164711876135067i,0.000857682865174773-0.000233272357379358i,0.00170422818972213-0.00039921651016845i,0.000993027485800652-0.00149243249140749i,0.000135723665591745-0.00124540239972231i,0.000132628550817137-0.000338787087119824i,-0.000579305915421881+6.53658486639686e-05i,-0.000426325687229811-0.000707136901283861i,0.000196941323308573+0.000374012306146952i,0.00104452250946858-0.000641028087990944i,0.000235049761981312-0.000428422577773011i,-0.000500611283572477+0.000540448768664722i,0.00124353260786443+0.000204183356720719i,0.000558291014075821+0.000174492682978966i,0.000299213611809413-0.00209912703820312i,-0.000976853048536727-0.000881332463821003i,7.83441506167066e-05+0.000787962794800608i,0.00040547344161588+0.000452185185964771i,-0.00047023669764277-0.000904728344161949i,-0.00119081451166138+0.000946638855772542i,0.000671840625169046+0.00139264495885562i,0.000365560246690309-0.00170538442718624i,0.000167732703604356+0.000361302248432873i,0.00113360670554593+0.000593706396625123i,0.00090728849226367-0.000643868632069402i,-0.00199924061170629-8.04304616986286e-07i,1.85214744989438e-05+0.000694149881924262i,0.000814605445943016-0.000462121131723061i,4.40319145259881e-05-3.90248491222157e-05i
-0.000725513526766386+0.000121035477138871i,-0.000215282881259988-0.00219915675444097i,0.00100232446812181-0.00178868893607709i,0.000123312575533255+0.000804821780961809i,0.00159012270352741+0.000351553221856814i,0.00102572848738056+0.00015500378569367i,0.000805421064282567+0.000681267578162704i,9.06303993903831e-05-0.000196113839844165i,0.00156867572631857+0.000465854216960138i,0.000964636743954106+0.000785729977820898i,0.000897834358878898+0.000433812617999979i,0.0016933186640359-3.58168774267652e-05i,0.000971566778477242+0.00093670690253257i,0.000430142543385876+0.000816609291176621i,0.000159161506551229-0.000488348717271824i,0.000839527212530595+0.000660354944899399i,0.000125730446403581+6.81605392716148e-05i,0.000742929641499039+0.000396219667692335i,0.00081452818305348-0.00123554781601252i,0.00103684616933154-0.00016940175115713i,-0.000255864212734428+0.00116775063020575i,-0.00107938441584159+0.00239369173926011i,-0.0003558855952489+0.000969898572750164i,0.00071787855940935+0.000355100840332873i,-0.000441531492935987+0.000107616813068006i,-0.00061388453628509-0.000972036065686723i,-0.000394609561999574-0.000217790513643395i,-0.000762572579593656+0.000684416968335824i,6.55264099631542e-05+0.00152772639815224i,0.000685631880140299+0.00140742237777381i,0.000159882149464993+0.000408059825397007i,-0.000122005595207172-0.00126101946140986i,-0.000396085693138341-0.00100370813920225i,-0.000269503625966606-0.000558848303323981i,0.00130671504679472+0.000115049152595091i,0.000313460948359193-0.00118524017108296i,-0.000597196068724722-0.00104016467182462i,-0.000849681024931151-0.000396435811488982i,0.00039087239207297-0.000449192020612595i,-0.000358825597978286-0.00062442557088505i,-0.000631214111150173+0.000217112987026657i,-0.000795855890274951+0.00136685183940261i,0.00144734617429531-0.000200504354596093i,-0.00115397777972129-1.79580577401407e-05i,0.000253712931879574+0.000644500988703065i,0.000125707789817331-0.000165181995929443i,-0.000920890615660304-0.00135491323784659i,0.000427876688267412+0.00106690726659609i,0.000748286604640816+0.00121478509505013i,0.000191782312244614-0.00206706141564456i,-0.000629335632362875-0.000725699253031972i
-0.000630185785982495+0.000175798745040269i,-0.00138202340954575-0.000317006902861146i,-0.000109757106706911-0.0021001841356878i,0.000724978545241531-0.00106161149975954i,-0.000300481229523472-0.000437867419357557i,0.000334519006491513-0.000497415787136869i,0.00148209079853974+0.000761944727057197i,0.00024267516433684-0.000869597042014892i,0.00036108084473317-0.00112345763244878i,0.000318942842443461+0.00056096600603101i,-0.000240719042935839+0.000699270372246254i,0.000228088912551003-0.00111897607252011i,0.000543515928272641-0.000301777368592912i,0.000580375196688285-0.00109741614775433i,1.72596138605014e-05-0.00104111183342508i,0.000958768434019977+0.000308768114346054i,0.000537378325624595-1.35342306501907e-05i,6.53246764691727e-06-0.000250142076674693i,-0.000789139166737543-0.000615561305265492i,-3.88192108961775e-05-0.00221238844978855i,-0.000910325980191106-0.000100172724696518i,0.000358533157088715-0.00049701685571562i,0.00095084646899571+0.000952547197155041i,0.000637748203167795-0.000224904064712055i,-0.000559256697235533-0.000988847058341078i,-0.000487974154957939+0.000180025961380206i,0.000187366119078857+0.00144173401446085i,0.00042343885640405+0.00122023585425026i,0.000873146072805374-0.000546117713045788i,0.000622467824437194-5.17165971480447e-05i,-0.000323000933768282+0.000991808133758302i,-0.000557342259255257-0.000473871877016978i,-0.000131192960296239+0.00062975520628417i,0.000107936467997715+0.000578258402739818i,0.000781905550793591-0.000643576651826364i,-0.00103377505976686+0.000101878351581649i,-0.00119909517855307-0.000202387121836805i,-0.000865228643914585+0.000664580513341481i,-0.00163107824322278+0.000291663602638032i,-0.000837244396012796+0.000696955808787165i,0.000498756813931393+0.00064523883059706i,0.00123352260302135-0.000355661189444692i,-0.00104829731046162-0.00111331524257481i,-0.000718542651697879+0.000318614196669748i,0.00199757770352934+0.000750729812657793i,0.000652098938862155-0.00104089413557465i,-0.00123042249993766-7.84107522926404e-05i,0.00113237031932015+0.000374862083741679i,0.000903238015136071-0.000446839012718868i,-0.000784739785859782+1.85502136358051e-05i,-0.000385868163067681+0.00104623496636986i
-5.75807479926384e-05+0.000796051056343045i,-0.00177049153295867+0.000931434876520726i,-0.00102726109525541-0.000386992826052481i,-0.00017097809895242-0.000183790549683723i,-0.000367661170983749-0.000180769983864295i,-0.000392361008137156-0.00042178336143911i,0.000546862921753957+0.000738751268531632i,2.68650648998359e-05+1.15666324026024e-05i,-0.00077809933667165-0.00073279266112265i,-0.000212286381018033-3.39875289523719e-05i,7.31589558039303e-06-0.000191770556469516i,0.00026343911725942-0.000941443677567491i,-0.000772557191231171-0.000345345388556958i,-0.00112882935520775-0.000540109091084676i,-0.000938915762564689-0.000697071170947375i,-0.000666032199608916-0.00139401792826302i,0.000296642555017305+0.000473835934845806i,0.000745392673178216+0.00039155049554773i,-0.000685482378775029+9.29601622044703e-05i,-0.00109180658873835-0.00125792770160392i,-0.00118971639754655+0.000428949564646033i,-0.000126305097969983-0.000540999339883743i,0.00193157394878965+0.000392248073917598i,-8.18399769510094e-05+5.60622816323768e-05i,-0.00012115426995656+0.000380943213142818i,-5.46233755043341e-05-0.000802772289973433i,-0.000494249383894598-3.88281090439098e-05i,0.000550143808092281-0.000205745427365362i,0.000127375228867051+0.000394308892830335i,-0.00114367675271996-5.64361098534375e-05i,0.00047912042887014+0.000283460916364081i,7.3773885202975e-05+0.000255922814821483i,-2.63498460677381e-05+0.000767534656752203i,0.000928769071450444+0.000476491071977997i,0.000365457480557615-0.000815603816571105i,-0.00138740678861674+0.0011062065963229i,4.9560342591037e-05+0.00082499782200247i,0.000541583112625988+0.000554673332785032i,-0.000348732417624151+0.000753938667757001i,0.000464018079466615+0.0014323111473682i,0.000805506587756534+0.000886294845331821i,-0.000257474734383698-0.00132771635998598i,-0.000694339239042287-0.00125192846753157i,0.000317498227815805+0.000437401349470503i,0.00175701682364707-1.52402968458767e-06i,-0.000112866921883608-0.00110608704674966i,6.49479935935129e-06+0.000584853949051054i,0.000803509286920154+0.000303344191504693i,-0.000190129665574346-0.00141405403119836i,-0.00122097344366447+0.00105969616937827i,0.000547286393924048+0.0014780405372905i
0.000100609268437505+0.000287776124521753i,-0.000714249839964547+0.000932808015483763i,-0.00142385104068348+2.80368608488876e-05i,9.72866777510943e-05-0.000535616157939916i,-0.000616945510444133+0.000820443801135036i,-0.000495635744456386+0.00152763366113638i,0.000504030236090364-0.000406966198739617i,-0.000422936211921471+0.000305328385936308i,-0.00056135016268872+3.50965295699243e-05i,-0.0003767974833454-0.00025963629295724i,-0.00136357392795726+0.000153787390353475i,-0.00106719236292339-0.000154670160905659i,-0.00041900606571587-0.00034473270441512i,-0.00054414822303838+0.000382786173814009i,-0.000638819262765557+0.000771190600617054i,-0.00108953677804514-0.000484806755457981i,-0.000812752478048991-0.000614351637288119i,3.12860056225398e-05-0.0010136947549383i,0.0013799029944247+0.000199289343589197i,0.000121799557052365+0.000777847720656489i,0.000769707246349146+0.00184398720293852i,0.000169153107172999+0.00123145735092884i,-6.53571163947047e-05-0.00157952028910499i,-0.000434956164258656-0.000298973250283327i,0.00021628808066027-0.000309458807006773i,-0.000128492305981005+0.000687162326892715i,-6.97141272819998e-05-0.000706762854209654i,-0.000552425022954824+0.000163481749495327i,-0.000308702003909597-3.73749500889067e-05i,2.76740143242399e-05-3.14400471552674e-05i,-0.000425474834171537+0.000380009233488823i,-0.000408897887517498-3.88253976228916e-05i,0.000997985155336118-0.000643709804513448i,0.000854952661799222-0.000567609946543143i,0.000115533309776012+0.00102019503807649i,-0.000140375751978796+0.00143675847042991i,0.00104692854938287+2.73436393544949e-06i,-0.000202445680092041-0.000948258817567368i,0.00140975297700212+0.000495859757587i,0.00151742499872371-0.000206919289601626i,-0.00024004269013837-0.000982602579077007i,-3.44265437359204e-05-0.000841116246637614i,0.000734280258334725+0.00141211990105067i,0.000306732469351208-0.000439500091539733i,-2.40585241440015e-05-0.000437700958951638i,-0.000199398408530351+0.000325527380353891i,-0.000275783911648548+0.000845860442911406i,-0.000339633452034112+8.4729289843244e-05i,-0.000646951359651656-0.000450501003743192i,0.00032987899621529+0.000462376889930365i,0.000430960666858123+0.000351116717959234i
0.000252230011878771+0.00069056499973681i,-0.000121879745389753+0.0012005979255233i,-0.00132835000154708+0.000777668437210392i,4.01711798121471e-05-0.000739150031937339i,-4.01445705480354e-05+6.41863925244359e-05i,-0.000936538226389024+0.000783664510338869i,-0.000467837881542137-0.000126421926524855i,3.21900268339858e-06+7.75085654041796e-06i,-0.000122705650223964+0.000710126201525964i,-0.000144451223323964+0.000728063850346951i,0.000138924147031369+0.000347543930088365i,-0.000995028334852137+0.000554537135737978i,-0.000240448448138109+0.000857529281803489i,-0.000117446118536523+0.000671443722172638i,0.000950497576906953+0.000977386865661921i,0.000659670042333831+0.000813262376708522i,-0.000989832661792963+0.00142316872847012i,-0.000151667293949738+0.00070144306595812i,0.00026034279898251-0.00065914204334162i,0.000323544145785593-7.08408848453264e-05i,0.00102625169796713+0.000283428567322695i,0.001023213224075-0.00062565224852742i,-0.000211045132727379-0.000843389047912405i,-0.000474417275806587+0.000648611202428672i,5.17036793578638e-05+0.000278039486537049i,0.000476185064457934-9.6670105297973e-05i,-0.000461114959741911-5.66998918783483e-05i,0.000326706410496446-0.000118410125950332i,-0.000567202392973207+0.000510493324343044i,0.000131123826933726+0.000402298702845874i,-0.000404485370705785-0.00018998737753082i,0.00102607341356727-0.000107157454983908i,0.000431448200174579+0.000119310316946313i,-0.000852936515212146+0.00101572312595948i,-0.000332695276357127+0.00152526412747037i,-0.000207545552693059+0.00030546943126949i,2.28497612800553e-05+0.000132223985409162i,-7.05995415966686e-05-0.000619593217431838i,-3.53157599279982e-05+0.000316915085433547i,8.51284867631704e-05-0.00029360177845375i,-6.59719725430144e-05+0.000993045669795563i,-0.000140856519157946+0.000510119078171882i,0.000322817693595946-0.000411647616775972i,0.000176248481076438+0.000210950240951639i,-0.000922867685354553-0.000168818785382324i,-0.000613810186781617+0.000646936410785564i,-0.000414191294516863-7.62234689821468e-05i,4.22318332697857e-05-0.000399528637299171i,-0.000991125250719045+0.0016724515682365i,0.000546150374911434+5.33293602882198e-05i,0.000236052249730912-0.000351593899742435i
0.000102261789751941-0.00041568310378466i,-0.000268340946360725-0.000332720442185999i,-0.000249929705625981+0.000224059301008599i,-0.000615320409753333-0.000546171567029217i,-0.000394726995043061-0.000401055257219158i,-6.35055213180841e-05-0.000572664232500122i,-0.00068209870660298-9.30215066433448e-05i,-0.000598694231074704+0.000404161220861258i,0.000436758249064951-0.000707751361885638i,0.000798368280228186+0.000527114618126198i,0.000987347509899772+0.000690425174104176i,-0.00042545240498526+0.000447389390428447i,-6.6676887941382e-05+0.000343183124260358i,0.000716683731553305-0.000239943086035484i,0.00098159593834234-1.55743903951007e-05i,0.00120385977666136+0.000304432859510986i,0.000824845975454302-0.000320240311313491i,0.000768829665699014+0.00122126604356988i,-0.000782904162708078+0.00037917174542125i,-0.000312062489158908+6.0302817127906e-05i,-0.000717391788560871-0.000389485707570323i,-0.000273255413056725-0.000610110926836309i,-0.00134011989982172-0.000100982169858913i,-0.000909804233453356+0.00119367328005895i,9.88190767512401e-05+0.000918449042573804i,0.000906932432640285-0.00126251794227835i,-0.000172749560020343-0.0008186667585972i,5.2647895549229e-05+0.000263594322103664i,0.000352419479341365-0.000545763714564669i,-0.000319685544950818-0.000335140191355225i,-0.000351783127013011+0.000190964280541534i,-0.000413519241070829+0.000515838430288005i,-0.000258409841085709+6.16725664436831e-05i,-0.000708740811007773+0.000814283225781635i,2.05916734127046e-05-0.000313843237105179i,-0.000546581457981392-0.000376570909637888i,0.000258315414032689-0.000717989124228035i,-0.000728994925090305-0.000620881966501863i,0.000459146557584808+0.000125435841828238i,0.000998259297088519-0.000675320601806587i,-0.000391155809818281+0.000787687808587892i,0.000306321123338437+0.000643502279630805i,0.000824766263295726-0.000584786071671651i,-0.00029231230931+0.000112953285228076i,0.000253423324717015+0.00113364209304794i,0.00129977298186831+7.67719169585811e-05i,-0.000107817868873168-0.000712986338539501i,-0.000364741669276794+0.00039972566854777i,0.000659585609554746+0.00028468118636032i,-0.000375964946951077-0.0005994913724286i,-0.000293678851841734-0.000651462874781478i
-0.000111986265769752-0.000519287211641833i,0.000209618859444975-0.00059521045462168i,5.78526524916312e-05+2.28451756019235e-05i,0.000202859756848485-0.000242163898816942i,0.000548504096178598+0.000606252922756716i,6.84684970840665e-05+5.04571004393634e-05i,2.95452180123945e-05-0.000299973067564587i,-0.000435287744969987-8.66508126955482e-05i,-0.00014457543431497+0.00051027361450931i,-0.000164923018066398-0.000344150865658901i,0.000375755726700239-0.00048331603376677i,0.000945875438180906-0.000698422372529118i,0.000861307984987826+0.000572539318647898i,0.00117451531529951+3.03960990915241e-05i,0.000820253667537703-0.000192881635773887i,-0.000116890358152804-0.00061294238725791i,-0.000198114869076792-0.000789411156357213i,0.000518700979049482-0.000817692257124746i,0.00118556080344106-0.000484429715084162i,0.000148821961353438-0.000638599778784549i,-0.000543662685543411+0.000122904105902831i,-0.000780536337352446+0.000315724867963192i,-0.000371847483786429+0.000234142072251838i,-0.000431073675311495-8.5126374364138e-05i,0.000434623407250755-0.000606619902142236i,0.000599631372599407-0.00083106850922744i,-0.000472670141920685+0.000199202426621709i,0.000103740553309634-6.56897194738996e-05i,0.00040408375892743+0.000151442492421831i,-0.00029437142533187+0.000180555001595886i,1.624611051805e-05-8.43237000905584e-05i,-0.000268803216589986+0.0008478145850969i,-0.000388142825799753+0.000208509326878454i,0.000922679365233695+0.000282726276609312i,0.000606473697208084-7.26365201467387e-05i,-5.67411622793491e-05-0.000839433834601062i,1.17608148005156e-05+0.00026232310803537i,0.00090129526772042+0.00143241097297263i,0.000278409103196313+0.000144504626024691i,-0.00055097084341748+0.000248616765852008i,0.000259489819283985+0.000616888499490903i,0.000874830533034657-0.00045048149259835i,-0.000247925383740193+0.000251455638608885i,-0.000507040787888635+0.00063225767084353i,8.36937638064501e-05-0.00015244647542358i,-0.000132206344634381-0.000630829808085478i,1.40740497526336e-05+0.000274142748372833i,0.00103578377757579-0.000120486000027191i,0.00078720039240974+0.000760465105475643i,-0.000410213226630388-0.00021314232185453i,-0.00068972921619977+0.000163775417259555i
-0.000191753763264421+0.000847721099124643i,-0.000559794937132037-0.000329647121093428i,-0.000838715156247747-0.00126462560149425i,-0.000377470604610962-0.000458154397024372i,4.06928559354164e-05+0.000583407829314235i,-2.39076343568918e-06+0.000817293311673743i,0.000133036050697924-0.000693089144525811i,-0.000127125191162845+0.000523990517633115i,0.000125007080589078+0.000162137026257493i,0.000156962697272369+0.000110685936353096i,-0.000215164889059316+7.91368494813374e-05i,0.000448387807138673-0.000866129714943385i,0.000422959876621007-0.000651847170226284i,0.000102115075768049-0.00108584778519233i,-0.000186777049375274+0.000219556490709086i,-0.000205229466027864+0.000940794379031537i,-0.00130751436795009-8.58284695381472e-05i,-0.00107497377761223-0.00012016711695912i,0.000362618679973573-0.00021113886195742i,0.00053991466995262-5.12084581535791e-05i,3.26620730205796e-05-0.000216381318071552i,0.000684456503586813+0.000460571921709063i,0.000812464034743304+0.000788645561645241i,0.00107335511858808+0.000646173109364415i,0.000543335299452241+2.99540208733833e-05i,-4.20824364100035e-05+0.000525538949653722i,9.76145324274882e-05+0.000259437078022063i,0.000154623839497006-0.000301647281952576i,0.000283837825374591+0.000183854418352965i,-0.000638140203357437+2.42254190365129e-05i,0.000355215241304268-0.000309705846779411i,-0.000148686877348062+0.000976872977497071i,0.000888087051629569+0.000243638214195492i,0.000229047020659503-0.000650842789560452i,8.58280277254904e-06-4.43007249425095e-05i,0.000576608882825688-0.000299829193944786i,0.000561777760324306-0.000481759309485055i,0.000388405551950389-0.000105889972605789i,-0.000729791847242418+0.000524071635380227i,0.000483809334022954+3.15323180758444e-05i,-0.000668975179826458-0.000655277697794886i,0.000212521155262775+0.000469958711467204i,-0.000437301809597464+0.000304494664528816i,0.000324756326235943-0.000260362292023539i,0.000398104327314687+0.000410901128606636i,-0.000374104009450051+0.000253817930706826i,0.000412018294072602+0.00153366180806305i,0.000329997164686833+0.000105640754164871i,-0.000111227970701391-0.000492105375086119i,0.000301475515816016-2.44204422032539e-05i,0.00143861517136391-4.26648714526203e-05i
0.000893511193870596-0.000556871115010933i,-0.000308826510519609+0.00172992223121641i,-4.57150827262187e-05+0.00112555577847548i,0.000214131814365883-0.00108255868061224i,0.00158570030544095-0.000701262799543893i,0.000238707142417754+0.000945919787039753i,5.41200613520716e-05+0.000234525538624172i,-0.00112122532597763+0.000310701604778299i,-0.000136487047711035-0.00013536637869796i,-0.000396255487435661+0.000162251696208318i,0.000303873095054064-0.000455079143032077i,0.000675237919656942+0.00080329952948632i,-0.000553478584654891+0.000762252244210744i,-0.000648283736214524+0.00035432126989398i,0.000725669852506983-0.00111955052398237i,-0.000521968052266147-0.000818081089964742i,0.00141991816596351+0.00196019705872407i,0.000564721454104151-0.000459341843211684i,0.000232209386339684-0.000827751919085983i,-0.00133190840722844+0.000275432040301499i,0.000477680282480353+0.000203882306225838i,-1.77224143967623e-06-0.00119182416596399i,-0.000524217495322747-0.00199875965581439i,-0.000734173524985692-0.00124773615115231i,-0.000315554603928799-0.000919283788443243i,-0.000309334393977772+0.000197653330949877i,6.55113101470522e-05+0.000636938948268124i,0.00192084069006381-0.000811906061318313i,-0.000629066120649071-0.000438532820509223i,-9.06880694584593e-05+0.000157459410046957i,0.000511862120449324+0.000655330586776448i,0.00109194205515638+0.000126167094448824i,-0.000253030656033722-0.000588739264655701i,0.00111232435020717+0.000562305294941386i,-5.11947161064531e-05+0.000258105517832282i,-0.000286578579465159+0.000855819583783743i,0.000163953189005226+0.000722588993216719i,0.000480762932797786+0.00125218415665262i,0.000695001246883241-0.00115545372549993i,0.000182625431343598+0.000847026541108298i,0.000387671885466171+0.000395206402415677i,-0.000698927254742508-0.000427966494068159i,-0.000186698754284753-0.000443393785208234i,0.000226472028738172+0.000875258643595184i,-0.000683311728955803-0.000751414570007648i,-0.000310661804548695-0.000259268652966133i,0.00052717019297436-0.000642681185629748i,0.000343669199237233-0.00015600394062001i,-0.000675173400810957+0.000167833285576904i,0.00128349426878839+0.000446182646579048i,-0.000126468052696546-0.000556086730872697i
